model,precision,batch_size,power_mode,schedule,mode,seq_len,gen_tokens,p_peak_w,p_avg_w,p_idle_w,p_p95_w,peak_to_avg,dpdt_max_w_per_s,dpdt_p95_w_per_s,transient_count,temp_max_c,thermal_ramp_c_per_s,energy_total_j,energy_per_inf_j,duration_s,n_inferences,backend,throughput_infps,trace_source,repeat,final_loss
resnet18,FP16,1,15W,default,inference,128,64,10.520832,9.96558268852459,8.614528,10.520832,1.0557166930253645,6.81604477677432,3.5666582447200685,0.0,49.093,0.20226577994415734,23.161063922788713,0.11580531961394357,2.3168150680003237,200.0,torch-cuda-FP16,85.89356954594254,ina3221,0,
resnet18,FP16,1,15W,default,inference,128,64,10.797696,10.580037818181816,9.8959104,10.797696,1.020572533440678,3.4691605465784465,3.405070200258099,0.0,49.531,0.2164168679379571,21.766186292679038,0.10883093146339519,2.0546735039997657,200.0,torch-cuda-FP16,96.88871773175259,ina3221,1,
resnet18,FP16,1,15W,default,train,128,64,9.666304,9.487409462857142,9.270144,9.626688,1.0188559941302442,6.263626482811851,3.200244310490286,0.0,49.625,0.05975790680241455,87.88427593152448,0.4394213796576224,9.263078670999676,200.0,torch-cuda-FP16-train,21.590719091477876,ina3221,0,0.0
resnet18,FP16,1,15W,default,train,128,64,9.626688,9.48333179661017,9.349376,9.587072000000001,1.015116649555705,5.992478090677757,3.2076433808938702,0.0,50.125,0.05240703389204251,87.92779402019531,0.4396389701009765,9.270758427000146,200.0,torch-cuda-FP16-train,21.549219143378245,ina3221,1,0.0
resnet18,FP16,1,25W,default,inference,128,64,10.006656000000001,9.50837855319149,8.068928,10.006656000000001,1.0524040396605019,6.554331243671922,3.37667422235825,0.0,50.25,0.10201283176512753,22.754895650410226,0.11377447825205113,2.3918147809999937,200.0,torch-cuda-FP16,83.37862077864482,ina3221,0,
resnet18,FP16,1,25W,default,inference,128,64,10.08576,9.82817319587629,9.0581984,10.046208,1.0262090216553965,6.700267226324522,3.361692607924236,0.0,50.531,0.13442547850780057,22.537310186303838,0.11268655093151919,2.2926325459993677,200.0,torch-cuda-FP16,86.85787283451941,ina3221,1,
resnet18,FP16,1,25W,default,train,128,64,9.626688,9.276165632,9.151296,9.468224,1.0377874201373467,6.158539964782663,3.179253292657629,0.0,50.593,0.02162530888737768,92.14515929247428,0.4607257964623714,9.933645093999985,200.0,torch-cuda-FP16-train,20.128382154642747,ina3221,0,0.0
resnet18,FP16,1,25W,default,train,128,64,9.349376,9.126743861728395,9.072064000000001,9.230528,1.0243933807768155,6.108731912559459,3.2704970707541716,0.0,50.843,0.02484654380635802,94.89471993860508,0.4744735996930254,10.397015499999725,200.0,torch-cuda-FP16-train,19.230579831747708,ina3221,1,0.0
resnet18,FP16,1,MAXN,default,inference,128,64,11.767424,10.637451746835444,8.519296,11.727936,1.1062258405544085,6.277092202317026,6.00677271220879,0.0,51.593,0.5518891948502515,21.429708586958544,0.10714854293479271,2.0139528070003507,200.0,torch-cuda-FP16,99.21863395956645,ina3221,0,
resnet18,FP16,1,MAXN,default,inference,128,64,11.8464,11.447133405405406,10.520832,11.8464,1.0348791772100827,6.243856604359312,3.1122022116964008,0.0,51.906,0.3248628617726021,21.585424252943277,0.10792712126471639,1.8848170050005137,200.0,torch-cuda-FP16,105.51365397327744,ina3221,1,
resnet18,FP16,1,MAXN,default,train,128,64,13.3824,10.724153553956835,9.50784,13.26432,1.2478747094275209,13.756000811019893,6.169066959295504,0.0,52.687,0.15963430580071347,95.78971248112857,0.4789485624056429,8.932586095999795,200.0,torch-cuda-FP16-train,22.383712570695398,ina3221,0,0.0
resnet18,FP16,1,MAXN,default,train,128,64,9.848448000000001,9.38665512,9.270144,9.626688,1.0491967451766782,6.8191455568426695,3.321214021706834,0.0,51.906,0.007212006945166892,96.65692814675114,0.4832846407337557,10.297471693999796,200.0,torch-cuda-FP16-train,19.414689682486564,ina3221,1,0.0
resnet18,FP16,4,15W,default,inference,128,64,13.89408,12.881112543689323,9.646495999999999,13.854719999999999,1.078639748925022,12.333264636655178,6.276545868638852,0.0,53.437,0.7113264457015347,33.67365973184451,0.16836829865922254,2.614407150000261,200.0,torch-cuda-FP16,76.43167458132822,ina3221,0,
resnet18,FP16,4,15W,default,inference,128,64,13.933440000000001,13.3577260990099,11.690422400000001,13.933440000000001,1.0430996935199004,6.405306438881092,5.895694081771023,0.0,53.656,0.38840024423339353,34.32030976509411,0.17160154882547055,2.5686027739993733,200.0,torch-cuda-FP16,77.47145765280051,ina3221,1,
resnet18,FP16,4,15W,default,train,128,64,11.8464,11.540544379596678,11.45152,11.723987199999998,1.0265027030218838,6.678610071501208,5.910362885241552,0.0,53.625,0.04254044131367152,123.70369022727988,0.6185184511363994,10.718820022999353,200.0,torch-cuda-FP16-train,18.641885295680037,ina3221,0,0.00014956659288145602
resnet18,FP16,4,15W,default,train,128,64,11.727936,11.540624718676124,11.491007999999999,11.609472,1.0162306015393388,6.814579347129261,5.956579481635387,0.0,54.125,0.04496272280260898,124.27961142071317,0.6213980571035659,10.76815539999916,200.0,torch-cuda-FP16-train,18.55346456858733,ina3221,1,0.00013264079461805522
resnet18,FP16,4,25W,default,inference,128,64,15.771263999999999,14.015202404624276,9.6489728,15.6928,1.125296912929086,18.145878371777616,9.13605451761218,0.0,55.468,1.2689670444650982,31.446064079317733,0.15723032039658866,2.242041616998904,200.0,torch-cuda-FP16,89.1271678766211,ina3221,0,
resnet18,FP16,4,25W,default,inference,128,64,15.810495999999999,14.931881005988023,12.5328896,15.771263999999999,1.0588415480715143,12.082514404404126,6.159308406477955,0.0,55.843,0.6286633793320692,32.36531589584362,0.1618265794792181,2.1666536860011547,200.0,torch-cuda-FP16,92.0302153749871,ina3221,1,
resnet18,FP16,4,25W,default,train,128,64,12.8128,12.580413804320202,12.457984,12.733951999999999,1.0184720629459736,11.576399900340029,6.1508181121455525,0.0,55.468,0.031728952431646675,125.48596396465643,0.6274298198232822,9.974177469999631,200.0,torch-cuda-FP16-train,20.046334512236758,ina3221,0,0.00013174719060771167
resnet18,FP16,4,25W,default,train,128,64,12.694528,12.436588005018821,12.2135552,12.615680000000001,1.0207404148852632,9.865997544116992,6.040681142522414,0.0,55.687,0.0556679726859102,125.50620916988498,0.6275310458494249,10.091718010000477,200.0,torch-cuda-FP16-train,19.805021653234675,ina3221,1,0.0001402398629579693
resnet18,FP16,4,MAXN,default,inference,128,64,18.066048,15.906231172413792,10.7783552,18.026944,1.135784322771065,21.307881432602592,15.030912199918367,0.0,57.187,1.4190914109597697,29.615437848302523,0.1480771892415126,1.8593302889985353,200.0,torch-cuda-FP16,107.33025523187878,ina3221,0,
resnet18,FP16,4,MAXN,default,inference,128,64,18.261568,17.212808624113478,14.618112,18.18336,1.060929009250548,12.519833050451185,9.00410566362557,0.0,57.656,0.8185896226886742,31.18956288662496,0.1559478144331248,1.810718299000655,200.0,torch-cuda-FP16,109.89289211243754,ina3221,1,
resnet18,FP16,4,MAXN,default,train,128,64,13.42176,12.716307063829786,12.576255999999999,13.02816,1.055476242640979,10.091395249786196,6.5668379813328235,0.0,56.5,-0.012025669917624318,127.6533563394486,0.638266781697243,10.038422547000664,200.0,torch-cuda-FP16-train,19.909273050495386,ina3221,0,0.000148166116559878
resnet18,FP16,4,MAXN,default,train,128,64,12.9888,12.718259071518194,12.576255999999999,12.891648,1.0212718522999478,11.150153743782383,6.653212556730835,0.0,56.906,0.03148353806365776,127.78419587411474,0.6389209793705737,10.04702955600078,200.0,torch-cuda-FP16-train,19.904469719712814,ina3221,1,0.00013731917715631425
resnet18,FP16,8,15W,default,inference,128,64,13.50048,12.995892472049688,10.9006624,13.50048,1.0388266930520955,10.08196010839634,6.002447600028563,0.0,56.718,0.2869708656384323,52.5339011112563,0.2626695055562815,4.045123853000405,200.0,torch-cuda-FP16,49.35132159000043,ina3221,0,
resnet18,FP16,8,15W,default,inference,128,64,13.42176,13.143964738853501,12.0499456,13.42176,1.0211348148496882,6.557851756823859,3.3079475274224492,0.0,56.781,0.11733872096145846,53.16365537787041,0.26581827688935206,4.041839790001177,200.0,torch-cuda-FP16,49.399848319288694,ina3221,1,
resnet18,FP16,8,15W,default,train,128,64,12.9888,12.834332259740261,12.773376,12.91008,1.012035510467832,6.823111695850004,3.286208656457365,0.0,56.875,0.020449557521451032,174.0320438558913,0.8701602192794564,13.559300932000042,200.0,torch-cuda-FP16-train,14.74300411097175,ina3221,0,0.00040780496783554554
resnet18,FP16,8,15W,default,train,128,64,13.1856,13.036677505376344,12.91008,13.14624,1.011423347287853,9.513444668648841,3.2184002774307974,0.0,57.218,0.031454433362945684,172.10036986247198,0.8605018493123598,13.200122824000573,200.0,torch-cuda-FP16-train,15.148809282677313,ina3221,1,0.000413659552577883
resnet18,FP16,8,25W,default,inference,128,64,18.026944,16.74207618348624,11.9187648,18.026944,1.0767448315508865,21.403146711900437,12.180888140510945,0.0,58.656,0.8058680904991122,47.30546181896774,0.2365273090948387,2.8245919439996214,200.0,torch-cuda-FP16,70.7733689436467,ina3221,0,
resnet18,FP16,8,25W,default,inference,128,64,18.11456,17.304845211009177,14.521836799999999,18.07552,1.0467912182465342,11.51844876205383,8.89020655944509,0.0,59.218,0.4794834463633524,48.69366080010727,0.24346830400053635,2.812375637000514,200.0,torch-cuda-FP16,70.78295125702657,ina3221,1,
resnet18,FP16,8,25W,default,train,128,64,15.980544,15.686772115340256,15.535872,15.863040000000002,1.018727363571022,12.014114006477897,8.9177908360539,0.0,59.093,0.04412156203901808,172.04810646409092,0.8602405323204546,10.967163352999705,200.0,torch-cuda-FP16-train,18.231346631512494,ina3221,0,0.0004132273024879396
resnet18,FP16,8,25W,default,train,128,64,15.967424000000001,15.655824589861753,15.5015008,15.823872,1.019903097939666,11.93545357182929,8.877873202644462,0.0,59.687,0.05686411332002753,171.67321685350754,0.8583660842675377,10.964773458999844,200.0,torch-cuda-FP16-train,18.22598482810902,ina3221,1,0.0003800407866947353
resnet18,FP16,8,MAXN,default,inference,128,64,19.994688,18.171942834951462,11.768064,19.955712,1.1003054643966146,26.373621579934497,15.77997613179229,0.0,60.75,1.0856225273215554,47.93502021035879,0.23967510105179396,2.634300870999141,200.0,torch-cuda-FP16,75.76094726324304,ina3221,0,
resnet18,FP16,8,MAXN,default,inference,128,64,19.961856,19.08562736231884,16.3565568,19.922944,1.045910392204928,12.590454310499855,8.372911102148608,0.0,61.218,0.4518005793423643,50.30950523403621,0.25154752617018106,2.634395652999956,200.0,torch-cuda-FP16,75.68767529382269,ina3221,1,
resnet18,FP16,8,MAXN,default,train,128,64,16.971135999999998,16.630133195779603,16.489728,16.853824,1.020505115635931,12.198153868881953,8.996402660125955,0.0,60.906,0.03130816321439684,178.0284987604208,0.890142493802104,10.704790013000093,200.0,torch-cuda-FP16-train,18.667849512388873,ina3221,0,0.0003636254114098847
resnet18,FP16,8,MAXN,default,train,128,64,16.920576,16.648926803738316,16.528896,16.81472,1.0163163187311681,12.194350898657756,9.059191139913116,0.0,61.375,0.04706766850186142,178.53709282045293,0.8926854641022647,10.72278371700122,200.0,torch-cuda-FP16-train,18.651336010290926,ina3221,1,0.00040877325227484107
mobilenet_v3_large,FP16,1,15W,default,inference,128,64,8.1344,8.032365714285715,7.896319999999999,8.09472,1.0127028934368383,5.669952872347585,3.3774329511116052,0.0,58.406,-0.10341362678010714,39.197902403211025,0.19598951201605513,4.881211776000782,200.0,torch-cuda-FP16,40.94421035700002,ina3221,0,
mobilenet_v3_large,FP16,1,15W,default,inference,128,64,8.09472,8.051123532467534,8.01536,8.09472,1.0054149544913398,3.2751158383634844,2.985619443096542,0.0,57.75,-0.08990524714379274,39.57283906925719,0.19786419534628596,4.915327970000362,200.0,torch-cuda-FP16,40.6462630967031,ina3221,1,
mobilenet_v3_large,FP16,1,15W,default,train,128,64,8.05504,7.5618074256410255,7.45984,7.65824,1.0652268097553625,4.68164628271609,3.2580589929553114,0.0,57.218,-0.08629115733448223,189.94761294488893,0.9497380647244447,25.118937904999257,200.0,torch-cuda-FP16-train,7.961887286652534,ina3221,0,0.0
mobilenet_v3_large,FP16,1,15W,default,train,128,64,7.9756800000000005,7.568933714891362,7.45984,7.65824,1.0537389149423244,5.269384325826776,3.265966212835239,0.0,55.031,-0.054749456798048615,184.40820788065162,0.9220410394032581,24.362638518001404,200.0,torch-cuda-FP16-train,8.208491988569378,ina3221,1,0.0
mobilenet_v3_large,FP16,1,25W,default,inference,128,64,7.81696,7.704773818181819,7.49952,7.777279999999999,1.0145606067699797,3.3799985516593605,3.266413047829692,0.0,53.593,-0.048399512173744434,42.26383070625346,0.2113191535312673,5.48729663999984,200.0,torch-cuda-FP16,36.42007344581846,ina3221,0,
mobilenet_v3_large,FP16,1,25W,default,inference,128,64,7.8566400000000005,7.726873110047846,7.69792,7.777279999999999,1.016794230745605,3.201283353217818,2.9890418513910797,0.0,53.375,-0.033017560359546054,42.84308260724379,0.21421541303621894,5.544529234000947,200.0,torch-cuda-FP16,35.98922395757008,ina3221,1,
mobilenet_v3_large,FP16,1,25W,default,train,128,64,7.8566400000000005,7.538478545454546,7.45984,7.61856,1.0422049956933679,5.56772481912675,3.2392404173298046,0.0,53.093,-0.030236491207688915,189.50204924171652,0.9475102462085826,25.136769163998906,200.0,torch-cuda-FP16-train,7.956140150865297,ina3221,0,0.0
mobilenet_v3_large,FP16,1,25W,default,train,128,64,8.596672,7.75385345117294,7.5392,8.253440000000001,1.108696734357233,6.296913433700704,3.2247229767874637,0.0,52.375,-0.018230497493574627,186.34953797480813,0.9317476898740407,24.032309611000528,200.0,torch-cuda-FP16-train,8.322629333770125,ina3221,1,0.0
mobilenet_v3_large,FP16,1,MAXN,default,inference,128,64,8.636288,8.427825542168675,7.936,8.596672,1.0247350229057641,6.505389939724072,3.0493235204749443,0.0,51.875,0.015133757911379022,36.46516142377566,0.1823258071188783,4.325764494000396,200.0,torch-cuda-FP16,46.12709875598416,ina3221,0,
mobilenet_v3_large,FP16,1,MAXN,default,inference,128,64,8.675904000000001,8.523201142857143,8.45184,8.596672,1.0179161390871116,4.064225973214501,3.0457796010487193,0.0,51.968,0.009303504205345047,36.944591651377294,0.18472295825688648,4.3344171670014475,200.0,torch-cuda-FP16,46.11646880907283,ina3221,1,
mobilenet_v3_large,FP16,1,MAXN,default,train,128,64,7.9756800000000005,7.669073138075314,7.57888,7.777279999999999,1.039979650266008,5.699867364435398,3.280716746056796,0.0,51.875,-0.016304150185230865,188.28494145860094,0.9414247072930046,24.550817491001,200.0,torch-cuda-FP16-train,8.144928809077882,ina3221,0,0.0
mobilenet_v3_large,FP16,1,MAXN,default,train,128,64,7.936,7.676665917926566,7.57888,7.81696,1.033782124277134,5.816400652449791,3.26508100692572,0.0,51.5,-0.011159824577765634,184.6584069942231,0.9232920349711154,24.052568612998584,200.0,torch-cuda-FP16-train,8.31315120381061,ina3221,1,0.0
mobilenet_v3_large,FP16,4,15W,default,inference,128,64,9.547456,9.366333,8.675904000000001,9.50784,1.0193376639502356,6.769137816514356,3.3966852403274643,0.0,51.531,0.09731920206627512,46.86863284703871,0.23434316423519355,4.99765330199989,200.0,torch-cuda-FP16,39.927632946055,ina3221,0,
mobilenet_v3_large,FP16,4,15W,default,inference,128,64,9.611136,9.49123087437186,9.270144,9.611136,1.0126332534963307,6.63250520143409,3.405900578490604,0.0,51.625,0.011650263793501566,46.89606566241218,0.2344803283120609,4.943064095999944,200.0,torch-cuda-FP16,40.375172669437006,ina3221,1,
mobilenet_v3_large,FP16,4,15W,default,train,128,64,9.151296,8.492393437288136,8.398592,8.675904000000001,1.0775873807045697,8.258745105606216,3.3225386532265495,0.0,51.437,-0.002303664464962343,225.85972922114658,1.1292986461057328,26.59245662399917,200.0,torch-cuda-FP16-train,7.521007166823879,ina3221,0,1.6361222151317634e-05
mobilenet_v3_large,FP16,4,15W,default,train,128,64,8.9136,8.51050484169125,8.37248,8.71552,1.0473644238276054,6.656328880418778,3.331869451310745,0.0,51.5,0.0009458367799344978,222.49485810276042,1.112474290513802,26.141106361999846,200.0,torch-cuda-FP16-train,7.650816427912728,ina3221,1,2.1159569314477267e-06
mobilenet_v3_large,FP16,4,25W,default,inference,128,64,9.270144,9.008682810810813,8.4837664,9.190912,1.0290232428735777,6.200874419760885,3.3516036872777444,0.0,51.531,0.035064079594455476,49.02026229151033,0.24510131145755165,5.445135900999958,200.0,torch-cuda-FP16,36.69376242514146,ina3221,0,
mobilenet_v3_large,FP16,4,25W,default,inference,128,64,9.230528,9.034800494061757,8.873984,9.151296,1.0216637330361513,3.393988367417912,3.066655049746713,0.0,51.656,0.018706510504907146,50.17970419654802,0.2508985209827401,5.5536354609994305,200.0,torch-cuda-FP16,36.00879450711042,ina3221,1,
mobilenet_v3_large,FP16,4,25W,default,train,128,64,8.873984,8.435013020211741,8.332799999999999,8.557056000000001,1.0520415296024332,6.754703076664836,3.2805739262741116,0.0,51.656,-0.003153109646711994,226.45420416877295,1.1322710208438647,26.843561304000104,200.0,torch-cuda-FP16-train,7.45224621186347,ina3221,0,2.297697210451588e-05
mobilenet_v3_large,FP16,4,25W,default,train,128,64,8.794752,8.457480649489547,8.332799999999999,8.636288,1.0398784655251692,8.66695155834926,3.2959283345224946,0.0,51.593,-0.0031946187685305736,224.94865993582005,1.1247432996791003,26.594571675001134,200.0,torch-cuda-FP16-train,7.520971176882885,ina3221,1,2.861008169929846e-06
mobilenet_v3_large,FP16,4,MAXN,default,inference,128,64,10.560384,10.274599089820358,9.2027968,10.520832,1.0278147018371537,6.227185541276602,3.1930250160440234,0.0,52.093,0.1271268017938441,44.79024708980803,0.22395123544904014,4.357947020000211,200.0,torch-cuda-FP16,45.88001957191385,ina3221,0,
mobilenet_v3_large,FP16,4,MAXN,default,inference,128,64,10.520832,10.38867621556886,10.111468799999999,10.48128,1.0127211380631043,3.4942485194616553,3.084612194652751,0.0,52.312,0.09219981294038455,45.27408412075378,0.22637042060376888,4.3578088490012306,200.0,torch-cuda-FP16,45.79800727705987,ina3221,1,
mobilenet_v3_large,FP16,4,MAXN,default,train,128,64,9.388992,8.602412166828323,8.477824,8.834368,1.0914371246014927,7.750875305785268,3.321228321531248,0.0,52.031,-0.002752270241396952,227.4288419142718,1.137144209571359,26.433370083999762,200.0,torch-cuda-FP16-train,7.567919791112928,ina3221,0,1.5199146901068161e-06
mobilenet_v3_large,FP16,4,MAXN,default,train,128,64,9.072064000000001,8.608596444013571,8.477824,8.834368,1.053837760777917,12.749805109969348,3.3323975695196393,0.0,51.968,-0.0020409679846482482,226.6121486624467,1.1330607433122335,26.322196918999907,200.0,torch-cuda-FP16-train,7.599302183696096,ina3221,1,4.88755949845654e-06
mobilenet_v3_large,FP16,8,15W,default,inference,128,64,11.906048,11.592467989501314,10.243968,11.866624,1.0270503236051787,9.494493779991378,5.993608342881976,0.0,52.781,0.22480129213942507,58.006754452225536,0.2900337722611277,5.001878686000055,200.0,torch-cuda-FP16,39.982404615346326,ina3221,0,
mobilenet_v3_large,FP16,8,15W,default,inference,128,64,11.906048,11.755373255936675,11.293567999999999,11.866624,1.0128175210418973,6.577320722873205,5.960356898274667,0.0,53.25,0.09952274693662148,58.66339691937871,0.29331698459689354,4.98975068999971,200.0,torch-cuda-FP16,40.05726284264617,ina3221,1,
mobilenet_v3_large,FP16,8,15W,default,train,128,64,10.740736,10.00343751250613,9.6087296,10.402175999999999,1.07370451273096,9.56769895328143,6.201467725669907,0.0,53.375,0.007831076282548404,264.43681780942813,1.3221840890471406,26.42395979399953,200.0,torch-cuda-FP16-train,7.570069353099307,ina3221,0,5.775464160251431e-05
mobilenet_v3_large,FP16,8,15W,default,train,128,64,10.402175999999999,9.939947990525818,9.650688,10.204415999999998,1.0465020551329594,9.896957572491889,6.19529027667211,0.0,53.593,0.0035547052180624154,269.3552465066083,1.3467762325330415,27.093713890999425,200.0,torch-cuda-FP16-train,7.38117812467209,ina3221,1,0.0005774293094873428
mobilenet_v3_large,FP16,8,25W,default,inference,128,64,11.175104,10.88598670422535,9.897888,11.096128,1.026558666993634,9.370809527865338,6.026436762232166,0.0,53.75,0.13664083563240453,60.086749391045544,0.30043374695522773,5.520513122999546,200.0,torch-cuda-FP16,36.22042995722984,ina3221,0,
mobilenet_v3_large,FP16,8,25W,default,inference,128,64,11.175104,10.974066066985646,10.67904,11.135616,1.0183193660205085,9.054468976644873,5.967895257790107,0.0,54.031,0.044374602982106416,60.73973124033953,0.30369865620169767,5.534535683000286,200.0,torch-cuda-FP16,36.1079002040551,ina3221,1,
mobilenet_v3_large,FP16,8,25W,default,train,128,64,10.780224,9.943363160865475,9.729792,10.164864,1.084162755155941,11.67119781733925,6.05828869942071,0.0,53.906,0.001732378870634003,272.3279514127936,1.361639757063968,27.383039505999477,200.0,torch-cuda-FP16-train,7.305493680383429,ina3221,0,0.0003452265518717468
mobilenet_v3_large,FP16,8,25W,default,train,128,64,10.780224,10.01175488,9.729792,10.283520000000001,1.0767566854373487,15.772308563427064,6.191697875290705,0.0,54.125,0.005603379789689065,270.96198195640494,1.3548099097820248,27.059733140999015,200.0,torch-cuda-FP16-train,7.389944557045458,ina3221,1,0.0014145050663501024
mobilenet_v3_large,FP16,8,MAXN,default,inference,128,64,13.50048,12.961306857142858,10.750608,13.461120000000001,1.0415986712450995,12.10084712355487,6.084540203234156,0.0,55.312,0.36210260952364515,56.648028523883106,0.28324014261941555,4.3680556359995535,200.0,torch-cuda-FP16,45.68636738607668,ina3221,0,
mobilenet_v3_large,FP16,8,MAXN,default,inference,128,64,13.53984,13.287993060240964,12.734928,13.461120000000001,1.018952970446123,6.272294553117192,6.008879282350053,0.0,55.593,0.13083174867055247,57.70888492474616,0.2885444246237308,4.342323946000761,200.0,torch-cuda-FP16,45.999944507495535,ina3221,1,
mobilenet_v3_large,FP16,8,MAXN,default,train,128,64,12.142592,10.639209047120419,9.927552,11.749654399999999,1.1413058946601378,17.215491714104747,6.468630393844663,0.0,55.437,-0.03293266009181737,260.43849878357304,1.3021924939178653,24.46950472900062,200.0,torch-cuda-FP16-train,8.171437148841806,ina3221,0,0.0005845109699293971
mobilenet_v3_large,FP16,8,MAXN,default,train,128,64,11.017152,10.249315941804074,9.888,10.701248,1.07491583463284,11.94795877317463,6.3986125987857365,0.0,55.093,-0.020001444053373552,271.3230813036822,1.356615406518411,26.46390262800014,200.0,torch-cuda-FP16-train,7.557689407976183,ina3221,1,0.00033022958086803555
