model,precision,batch_size,power_mode,p_peak_w,energy_per_inf_j,thermal_ramp_c_per_s,speed_score,pareto
resnet18,FP16,1,15W,10.780224,0.120152650148065,0.2530981343730691,83.27928230314528,0
resnet18,FP16,1,15W,10.977664,0.1172078538287454,0.3152292269092215,88.59359601214886,0
resnet18,FP16,1,15W,11.017152,0.1218859836253423,0.2026940961240463,85.12483263308336,0
resnet18,FP16,1,15W,9.967104,0.4810993403447263,0.0046759380919902,19.3702611891663,0
resnet18,FP16,1,15W,9.388992,0.4779707682333731,0.0208296137121171,19.28646588865735,0
resnet18,FP16,1,15W,9.270144,0.4843490037879657,0.0132063575997164,18.900606660899648,0
resnet18,FP16,1,25W,10.006656,0.1128682736308591,0.1858618798881652,83.50224538650879,0
resnet18,FP16,1,25W,10.08576,0.113783702726184,0.13028889816476,85.74496281212825,0
resnet18,FP16,1,25W,10.046208,0.1141351268625983,0.0309639109718682,85.66441859607333,0
resnet18,FP16,1,25W,9.270144,0.4794406791008402,0.0090458711372104,19.043639079400855,0
resnet18,FP16,1,25W,9.30976,0.4769894363105448,0.0169654535282694,19.170521499518827,0
resnet18,FP16,1,25W,9.270144,0.4774052258316253,0.0139314419333306,19.18962622438629,0
resnet18,FP16,1,MAXN,11.767424,0.1052632384145478,0.632955754042635,99.54715996929242,0
resnet18,FP16,1,MAXN,11.8272,0.1083693661631602,0.4458051049309861,104.77849983350426,0
resnet18,FP16,1,MAXN,11.787776,0.1077619320837791,0.4452888064354242,104.89025060364396,0
resnet18,FP16,1,MAXN,10.323072,0.4274198515475942,0.0084096642873359,23.55611371519234,0
resnet18,FP16,1,MAXN,10.046208,0.4495392806316452,-0.0022874325271137,21.509640267148978,0
resnet18,FP16,1,MAXN,9.69024,0.4779989580856449,-0.0026164076096387,19.63784052908193,0
resnet18,FP16,2,15W,11.866624,0.1211123601246421,0.7967687818797717,89.45582246600245,0
resnet18,FP16,2,15W,11.945472,0.122182773970817,0.3925353509526981,93.32359969018091,0
resnet18,FP16,2,15W,11.984896,0.1226955054076411,0.4261036772653651,93.65771799680924,0
resnet18,FP16,2,15W,10.28352,0.5167746367863448,0.01274354161047,19.67564087158718,0
resnet18,FP16,2,15W,10.243968,0.5188027848847926,0.0490294777269321,19.480748710742336,0
resnet18,FP16,2,15W,10.164864,0.5215116969109815,0.0161910863347004,19.06758969531127,0
resnet18,FP16,2,25W,11.214592,0.1246259409608748,0.4327545702646273,81.24986661142196,0
resnet18,FP16,2,25W,11.096128,0.12707513755937,0.1432731224000027,84.57705862103181,0
resnet18,FP16,2,25W,11.293568,0.1224617612164615,0.1925583485447042,87.55518741362071,0
resnet18,FP16,2,25W,10.402176,0.5147459081916201,-0.0155782234736022,19.709139817467268,0
resnet18,FP16,2,25W,10.362624,0.5117605349772512,0.0029139685113534,19.828394758352545,0
resnet18,FP16,2,25W,10.204415999999998,0.5163122251264575,0.0289995447465052,19.508749697845264,0
resnet18,FP16,2,MAXN,13.61856,0.1136553458892048,1.4350420272184536,104.40796514750916,0
resnet18,FP16,2,MAXN,13.871488,0.1181106589746501,0.7310444734192563,110.2952097318178,0
resnet18,FP16,2,MAXN,13.989376,0.118215433615206,0.5752576581165711,110.9557325661347,0
resnet18,FP16,2,MAXN,11.590656,0.5300922449632945,-0.0571167600689208,19.746532076715965,0
resnet18,FP16,2,MAXN,10.520832,0.5264811798775028,0.028379631076204,19.501342279339337,0
resnet18,FP16,2,MAXN,10.48128,0.527601357206895,0.0125077077563077,19.686188232255446,0
resnet18,FP16,4,15W,13.85472,0.165721115131701,0.8954241622129923,75.61081051551842,0
resnet18,FP16,4,15W,13.81536,0.1698393180605739,0.475902844150335,77.10042129566624,0
resnet18,FP16,4,15W,13.776,0.1702774963887021,0.4450743528271467,77.10777923667744,0
resnet18,FP16,4,15W,11.609472,0.61846820044922,0.0119848598807212,18.604933099350514,0
resnet18,FP16,4,15W,11.945472,0.6000819152218224,0.0446600473127651,19.542560730318783,0
resnet18,FP16,4,15W,12.063744,0.600191757525111,0.0244184660891987,19.640580223251508,0
resnet18,FP16,4,25W,15.614336,0.1492097237859336,1.252296943260676,91.5984353077074,0
resnet18,FP16,4,25W,15.653568,0.1609471931599395,0.8686613187802272,91.04092462357288,0
resnet18,FP16,4,25W,15.575104,0.1591412392196259,0.8808128425430852,90.7854617432506,0
resnet18,FP16,4,25W,12.576256,0.627498932202931,0.0225371890892512,19.75631421189761,0
resnet18,FP16,4,25W,12.773376,0.6263482331313167,0.0286401219610767,19.88512443419987,0
resnet18,FP16,4,25W,12.536832,0.6254304254894587,0.0656096027971699,19.65848422263681,0
resnet18,FP16,4,MAXN,17.79232,0.141835971025732,1.7042371211441074,106.73092205917622,0
resnet18,FP16,4,MAXN,17.9584,0.1545324963651286,0.999752980015429,109.26116786841288,0
resnet18,FP16,4,MAXN,17.997439999999997,0.1539459710898969,0.9636920994180548,108.83125118108032,0
resnet18,FP16,4,MAXN,14.067968,0.6431413930233615,-0.0880719752701949,19.876109522098748,0
resnet18,FP16,4,MAXN,12.87072,0.6352139168595881,0.014600127932099,19.864396631347024,0
resnet18,FP16,4,MAXN,12.792,0.6363479070067473,0.0107141787667516,19.842469019310744,0
resnet18,FP16,8,15W,13.50048,0.2600417946226103,0.3917487076635245,49.27578185999241,0
resnet18,FP16,8,15W,13.42176,0.2643939464520688,0.1517568139959725,49.41104364877592,0
resnet18,FP16,8,15W,13.46112,0.2640877018548381,0.1712843200897665,49.38949677607847,0
resnet18,FP16,8,15W,12.9888,0.8656367129372335,0.0253004722678,14.856067284775689,0
resnet18,FP16,8,15W,12.9888,0.867058562096084,0.0210414374915064,14.826682700823977,0
resnet18,FP16,8,15W,13.02816,0.8701555255853104,0.0226220828452515,14.78962926227271,0
resnet18,FP16,8,25W,17.98784,0.2307399848530996,1.052649661681862,70.58780326355085,0
resnet18,FP16,8,25W,18.11456,0.2407305844846377,0.5769989610145674,70.98856127144103,0
resnet18,FP16,8,25W,18.19264,0.24075638929404,0.5524265398797793,70.82499836422407,0
resnet18,FP16,8,25W,15.980544,0.8579866956839631,0.0388055738044674,18.26578228109844,0
resnet18,FP16,8,25W,15.941376,0.8588664065860576,0.0575426913598007,18.26427073771456,0
resnet18,FP16,8,25W,16.372224,0.8368567603124655,0.0902388571842368,19.148931428611156,0
resnet18,FP16,8,MAXN,19.806208,0.2318724664976085,1.3558311920615405,75.77641917157521,0
resnet18,FP16,8,MAXN,19.884032,0.2473466192167167,0.6864774787195536,75.70612560696499,0
resnet18,FP16,8,MAXN,19.922944,0.2481605190346348,0.5670949930396207,76.30726601633056,0
resnet18,FP16,8,MAXN,16.971135999999998,0.8949318553117844,0.0258071736095313,18.597277425907063,0
resnet18,FP16,8,MAXN,17.010240000000003,0.8880616848681382,0.0439438981647734,18.80224028071201,0
resnet18,FP16,8,MAXN,16.932032,0.8908000469737253,0.040008034023058,18.670607001187573,0
resnet18,FP16,16,15W,14.303744,0.4724011235400132,0.139285842356439,29.258735010275647,0
resnet18,FP16,16,15W,14.185856,0.4749227387984949,0.061594415233249,29.29019046938828,0
resnet18,FP16,16,15W,14.185856,0.4743456645429019,0.0500184138884193,29.306130591521267,0
resnet18,FP16,16,15W,13.832192,1.4909886847620568,-0.0162651067423142,9.087431005568028,0
resnet18,FP16,16,15W,13.792896,1.4915440937525963,-0.0118871040846284,9.088010501905256,0
resnet18,FP16,16,15W,13.792896,1.4876748774446218,0.0017205559482232,9.1282297420318,0
resnet18,FP16,16,25W,18.864384,0.4322106843723456,0.6389726145490331,41.35733155286215,0
resnet18,FP16,16,25W,18.90336,0.4397205926450785,0.3073930819591935,41.61476622142987,0
resnet18,FP16,16,25W,18.864384,0.438577577177159,0.2886663516179371,41.64404777152406,0
resnet18,FP16,16,25W,18.23168,1.3896439065754005,0.0678303799989412,12.88148729769843,0
resnet18,FP16,16,25W,18.30976,1.3889596763946452,0.0461448537924413,12.889001246341778,0
resnet18,FP16,16,25W,18.23168,1.389676761321932,0.0385277683521579,12.891372309932324,0
resnet18,FP16,16,MAXN,20.62336,0.4455154917848201,0.6614076910681651,43.47860888747488,0
resnet18,FP16,16,MAXN,20.545536,0.4558151415878944,0.3210492796949429,43.77387640069201,0
resnet18,FP16,16,MAXN,20.62336,0.4564363666200233,0.2870968306632029,43.67800205678927,0
resnet18,FP16,16,MAXN,19.689472,1.4147596879850572,0.0537531911654456,13.654229577602164,0
resnet18,FP16,16,MAXN,19.689472,1.4162607762037571,0.0488066196116405,13.660809328038178,0
resnet18,FP16,16,MAXN,19.689472,1.4158473328927046,0.0307242951529711,13.655946679787611,0
resnet18,FP32,1,15W,12.67392,0.1192186530354746,0.7004148971959276,94.27680197640456,0
resnet18,FP32,1,15W,12.71328,0.1216270772208285,0.3762169857310824,98.5942452234823,0
resnet18,FP32,1,15W,12.67392,0.1219194697651424,0.2929903246685814,98.41684665884011,0
resnet18,FP32,1,15W,10.898688,0.5511570703047274,-0.1101118697619994,19.49916574008852,0
resnet18,FP32,1,15W,10.898688,0.5502640122598886,-0.0842666540354428,19.510061448336085,0
resnet18,FP32,1,15W,10.938176,0.5495979569724403,-0.0729137188657934,19.573078693696967,0
resnet18,FP32,1,25W,11.945472,0.1178382498815,0.4662307602949952,91.283269772947,0
resnet18,FP32,1,25W,12.063744,0.1189814687456202,0.1890799599017807,96.17329837479284,0
resnet18,FP32,1,25W,12.063744,0.1180858097952449,0.1291830784091982,96.76061279060656,0
resnet18,FP32,1,25W,10.977664,0.543990802906135,-0.0690794195811075,19.668496252086587,0
resnet18,FP32,1,25W,10.977664,0.5316171764456127,-0.0595494872458108,20.208560255509017,0
resnet18,FP32,1,25W,11.05664,0.5416249271239806,-0.069854512429962,19.71156446444064,0
resnet18,FP32,1,MAXN,14.437376,0.1114902858065229,1.4519440824002048,107.59222969290656,0
resnet18,FP32,1,MAXN,14.947392,0.1144135547161816,0.8653706767534264,120.26814234542336,0
resnet18,FP32,1,MAXN,14.947392,0.1143987657412366,0.6726868328123021,121.3505375086434,0
resnet18,FP32,1,MAXN,12.103168,0.5605796404832183,-0.1189240151479382,19.650484882100013,0
resnet18,FP32,1,MAXN,11.214592,0.5560811514069715,-0.0459491058539444,19.5677539992426,0
resnet18,FP32,1,MAXN,11.214592,0.5561493729409873,-0.0470996367670393,19.66673526340956,0
resnet18,FP32,2,15W,14.107264,0.1490471559540088,0.841421690892562,84.94065794776851,0
resnet18,FP32,2,15W,14.225152,0.1571312401461813,0.5882576692110602,84.96219531220405,0
resnet18,FP32,2,15W,14.185856,0.1571997459955369,0.4249026708105267,84.9784389588804,0
resnet18,FP32,2,15W,12.379136,0.6766786865039476,0.0227921975892478,18.12967785460715,0
resnet18,FP32,2,15W,12.41856,0.6781157059561982,0.0364568866840208,18.057981780675053,0
resnet18,FP32,2,15W,12.41856,0.6782434694809202,0.0271917575185281,18.07904318221184,0
resnet18,FP32,2,25W,15.941376,0.1407158657183951,1.2920918212822838,95.88351168926134,0
resnet18,FP32,2,25W,16.137216,0.1499058162710695,0.9686215444508812,99.05978913455068,0
resnet18,FP32,2,25W,16.176384,0.1490328505725502,0.9021078185825878,99.24793015067168,0
resnet18,FP32,2,25W,13.635712,0.675334602955082,0.0225179244576281,19.94239214325785,0
resnet18,FP32,2,25W,13.714304,0.6722819032475074,0.0558527246222852,19.95998893538533,0
resnet18,FP32,2,25W,13.635712,0.6736909011627239,0.0422006633434593,19.891605641436392,0
resnet18,FP32,2,MAXN,17.997439999999997,0.1329963784362779,2.2518381386007382,108.87875997529652,0
resnet18,FP32,2,MAXN,18.3488,0.1456943847783501,1.0325261247048405,116.96423464825936,0
resnet18,FP32,2,MAXN,18.46592,0.1452947980999253,0.9088954143177578,117.67365140747792,0
resnet18,FP32,2,MAXN,14.751232,0.6974879445987586,-0.035598245625703,20.18585377176252,0
resnet18,FP32,2,MAXN,14.107264,0.6845761127591505,0.0167271627450684,20.146780760012494,0
resnet18,FP32,2,MAXN,14.594304,0.690586619346426,0.0996612147586285,20.53727534540623,0
resnet18,FP32,4,15W,13.989376,0.2550312300046135,0.40626876093116,51.76785858310903,0
resnet18,FP32,4,15W,14.028672,0.2590187152099129,0.1888989007275405,52.23439120256664,0
resnet18,FP32,4,15W,13.989376,0.2600476833747783,0.1407412431413746,52.2529776145912,0
resnet18,FP32,4,15W,13.910784,0.966690422125206,0.0250709882580535,14.215982391425358,0
resnet18,FP32,4,15W,13.910784,0.96890002716073,0.0291930807444642,14.161579953185534,0
resnet18,FP32,4,15W,13.95008,0.9747325202627322,0.030317357184637,14.107408135683718,0
resnet18,FP32,4,25W,18.669504,0.2220073776506257,1.0231912929427749,75.19954126836384,0
resnet18,FP32,4,25W,18.70848,0.2333692451096461,0.6113063084692588,75.29535650192874,0
resnet18,FP32,4,25W,18.70848,0.2326445977950557,0.5687306760550406,75.36516067072938,0
resnet18,FP32,4,25W,17.372799999999998,0.9509425905577846,0.0720313692685773,17.8479637726098,0
resnet18,FP32,4,25W,17.841279999999998,0.929408357587221,0.1136436918314137,18.76362549749116,0
resnet18,FP32,4,25W,17.528959999999998,0.9447353696173366,0.0526706578041845,18.08111363978122,0
resnet18,FP32,4,MAXN,20.4288,0.2253501538877724,1.4702050517330485,79.37040511926352,0
resnet18,FP32,4,MAXN,20.467712,0.2395703962298883,0.743097299619768,80.42318314384976,0
resnet18,FP32,4,MAXN,20.506624,0.2399262637303889,0.6307820838602567,80.4162546488475,0
resnet18,FP32,4,MAXN,18.23168,0.9888692350119318,0.059078298351243,18.20480491676547,0
resnet18,FP32,4,MAXN,19.09824,0.9658454642302148,0.1038863554235144,19.094030399348497,0
resnet18,FP32,4,MAXN,19.059264,0.9737293686019444,0.0464106897238815,18.82780380935605,0
resnet18,FP32,8,15W,14.672768,0.4073805405847632,0.15408543304542,34.87288842167227,0
resnet18,FP32,8,15W,14.672768,0.411527872983011,0.0579795938775162,34.88314347629784,0
resnet18,FP32,8,15W,14.594304,0.4111417188465721,0.0701680143969045,34.87656836248301,0
resnet18,FP32,8,15W,14.633536,1.4382345433176242,-0.0045586094400275,10.07833480395519,0
resnet18,FP32,8,15W,14.633536,1.4380192256641595,0.0004970517600287,10.077715489480193,0
resnet18,FP32,8,15W,14.868928,1.4368830329075115,-0.0011440572951,10.113346817068903,0
resnet18,FP32,8,25W,19.838784,0.3670936050337106,0.7145123248017432,50.19123926213335,0
resnet18,FP32,8,25W,19.689472,0.3765121790091363,0.3932039827443415,50.18758536828227,0
resnet18,FP32,8,25W,19.806208,0.3762206164135389,0.3585803011797456,50.17029315985884,0
resnet18,FP32,8,25W,19.378176,1.368342904471837,0.0907747427048528,13.92905633822319,0
resnet18,FP32,8,25W,19.254144,1.367101296505475,0.0832686215103834,13.922623062950017,0
resnet18,FP32,8,25W,19.29312,1.368665971735282,0.0692396181630561,13.920773860718926,0
resnet18,FP32,8,MAXN,21.13728,0.3761711140197663,0.804232444438624,52.09331727082369,0
resnet18,FP32,8,MAXN,21.098496,0.3884599846397824,0.3855217912020064,52.26048441729692,0
resnet18,FP32,8,MAXN,21.098496,0.3883111461535741,0.3109021690357543,52.37106247822347,0
resnet18,FP32,8,MAXN,20.3952,1.425073519270145,0.0725701668145545,14.161120730512264,0
resnet18,FP32,8,MAXN,20.467712,1.4377432258987215,0.0672579040677361,13.909728237664195,0
resnet18,FP32,8,MAXN,20.78368,1.4248150052702324,0.0388072765573744,14.236785946530134,0
resnet18,FP32,16,15W,14.962176,0.7563469151095812,0.0195898144455182,19.458708305355334,0
resnet18,FP32,16,15W,15.001344,0.7640742361843739,-0.0056743354862665,19.353234154259493,0
resnet18,FP32,16,15W,14.986624,0.7628641665301332,-0.0071565173253624,19.34232992258936,0
resnet18,FP32,16,15W,15.07968,2.564831751335787,-0.0128074048307419,5.794200576878317,0
resnet18,FP32,16,15W,15.025856,2.551555829269012,-0.0085595207224855,5.831777057953086,0
resnet18,FP32,16,15W,14.986624,2.5604630437812133,-0.0005402524035734,5.792932610042833,0
resnet18,FP32,16,25W,19.84512,0.7044630697860174,0.357838771872422,27.305475518893992,0
resnet18,FP32,16,25W,19.922944,0.7149722436246464,0.1777425154666826,27.278701129724368,0
resnet18,FP32,16,25W,19.922944,0.7161789882664177,0.1588024833369224,27.23898790836188,0
resnet18,FP32,16,25W,20.20096,2.418149889958686,0.0692061070934215,8.240927088114255,0
resnet18,FP32,16,25W,20.078592,2.4302385896529235,0.0454688627807715,8.179828467396021,0
resnet18,FP32,16,25W,20.117504,2.433907212024809,0.0371260238224793,8.176662914040886,0
resnet18,FP32,16,MAXN,21.408768,0.728679347145526,0.3580469943983513,28.43892633752566,0
resnet18,FP32,16,MAXN,21.486336,0.7361272589638637,0.1536595698255445,28.564304481546205,0
resnet18,FP32,16,MAXN,21.408768,0.7386286965810719,0.1464102317097174,28.43705215766159,0
resnet18,FP32,16,MAXN,21.52512,2.503797293905198,0.0505587564362765,8.523741064211578,0
resnet18,FP32,16,MAXN,21.602688,2.5047008540331013,0.0454117571020351,8.522795104491234,0
resnet18,FP32,16,MAXN,21.680256,2.5046594361845536,0.0310749235360096,8.555092711846005,0
resnet50,FP16,1,15W,10.385344,0.2451509378431306,-0.0178287996535945,41.47020922246474,0
resnet50,FP16,1,15W,10.46432,0.245980355941367,-0.0365947793059108,41.81929479080991,0
resnet50,FP16,1,15W,10.385344,0.244231311662107,-0.0402883984182319,41.66364810064093,0
resnet50,FP16,1,15W,9.714048,1.087093728247127,-0.1198858514903316,8.39979738768067,0
resnet50,FP16,1,15W,9.49248,1.0777284201137185,-0.0915144420313506,8.497512457237779,0
resnet50,FP16,1,15W,9.49248,1.101821341034409,-0.0688891229162169,8.16067163150117,0
resnet50,FP16,1,25W,9.571584,0.2526606607258077,0.0029156858922025,37.1537529465694,0
resnet50,FP16,1,25W,9.571584,0.2560785580170295,0.0134766572972316,36.664443170248525,0
resnet50,FP16,1,25W,9.49248,0.2547456907879269,-0.0081807904925784,36.702324407848366,0
resnet50,FP16,1,25W,9.532032,1.089030662259901,-0.0463005661432119,8.212101410221381,0
resnet50,FP16,1,25W,9.49248,1.103975374297014,-0.0332945419222627,8.053979196383574,0
resnet50,FP16,1,25W,9.49248,1.0742147483491886,-0.0151504076092904,8.370706137098145,0
resnet50,FP16,1,MAXN,11.333056,0.2312088901833446,0.1957142957391246,47.271539182521884,0
resnet50,FP16,1,MAXN,11.214592,0.2349688510130738,0.1637670711771072,46.56774017117483,0
resnet50,FP16,1,MAXN,11.293568,0.2311545463432272,0.1410114123709017,47.70321878251181,0
resnet50,FP16,1,MAXN,9.769343999999998,1.1187669629788068,-0.0238216843046684,8.10603299389512,0
resnet50,FP16,1,MAXN,9.571584,1.1157019135050046,-0.0119357141346055,8.109634389081345,0
resnet50,FP16,1,MAXN,9.69024,1.1153510267722573,-0.0102570826423819,8.13685726451028,0
resnet50,FP16,2,15W,12.457984,0.2880516361456896,0.3351699514683589,41.56366744219771,0
resnet50,FP16,2,15W,12.3984,0.287707920414202,0.2094767071976935,41.8527180419036,0
resnet50,FP16,2,15W,12.339712,0.2874790218848253,0.2269475367182121,41.64859994363548,0
resnet50,FP16,2,15W,10.938176,1.2254550675866858,0.0025728704945155,8.265490606596824,0
resnet50,FP16,2,15W,10.938176,1.224419562095024,0.0087528737725557,8.410582948583079,0
resnet50,FP16,2,15W,11.017152,1.236801089196602,-0.0028834790110129,8.283878128514413,0
resnet50,FP16,2,25W,11.43296,0.291583024273631,0.1756663265713619,38.08734152289819,0
resnet50,FP16,2,25W,11.393536,0.2930093094975885,0.1156255255855921,38.06135826654068,0
resnet50,FP16,2,25W,11.45152,0.2929613054794603,0.1000561183296745,38.05541152928097,0
resnet50,FP16,2,25W,11.293568,1.215631838001653,-0.0141912019244995,8.326593269254277,0
resnet50,FP16,2,25W,11.293568,1.1924865454594622,-0.0011367569885032,8.615962398959995,0
resnet50,FP16,2,25W,11.214592,1.1849893442821458,-0.0041226619501438,8.640717971385458,0
resnet50,FP16,2,MAXN,14.185856,0.2780824208444606,0.529322977704003,48.09098959890063,0
resnet50,FP16,2,MAXN,14.225152,0.2817663891592673,0.2983357404618545,48.38205116615186,0
resnet50,FP16,2,MAXN,14.14656,0.2813774666468557,0.3093119724575925,48.3700482669801,0
resnet50,FP16,2,MAXN,11.866624,1.237348131070249,-0.0293659380445319,8.332656221225756,0
resnet50,FP16,2,MAXN,11.590656,1.1915121234284816,0.0061488329748704,8.909148897985311,0
resnet50,FP16,2,MAXN,12.51648,1.1580488559262334,-0.0493911118280153,9.509070965529604,0
resnet50,FP16,4,15W,14.14656,0.433863670389159,0.2916373198755779,31.628209003093488,0
resnet50,FP16,4,15W,14.14656,0.4360502228238621,0.1984551306741042,31.667723063203557,0
resnet50,FP16,4,15W,14.185856,0.4370027508267982,0.1983438182262498,31.62938960599812,0
resnet50,FP16,4,15W,12.87072,1.5079998620350872,0.0269386968867028,8.157865452266279,0
resnet50,FP16,4,15W,12.55584,1.5132967891998108,0.0068547426136657,8.027502180083713,0
resnet50,FP16,4,15W,12.5952,1.5212167167352173,-0.0019210661697768,7.993353285876362,0
resnet50,FP16,4,25W,16.685568,0.4053424364455147,0.5385237154371211,39.26166732214932,0
resnet50,FP16,4,25W,16.685568,0.4071263062423292,0.3360008033782033,39.456099872794205,0
resnet50,FP16,4,25W,16.658304,0.407231754394292,0.3247321317769686,39.28558893568971,0
resnet50,FP16,4,25W,15.10432,1.5296966884631016,0.0092709688376169,9.339487723340255,0
resnet50,FP16,4,25W,15.025856,1.5324444716761942,0.0122127041586936,9.35574748320699,0
resnet50,FP16,4,25W,15.339712,1.51895753048103,0.0258693842233612,9.523794107961429,0
resnet50,FP16,4,MAXN,19.533824,0.3868411714021078,0.7196217715306212,47.28751522510179,0
resnet50,FP16,4,MAXN,19.410048,0.3917930897427855,0.4603798480432068,47.11654682021484,0
resnet50,FP16,4,MAXN,19.410048,0.3939911378969088,0.4005675970794486,47.14433838967806,0
resnet50,FP16,4,MAXN,15.980544,1.5970928323662483,-0.0414361939000754,8.690640419625591,0
resnet50,FP16,4,MAXN,15.6672,1.6056629123528232,-0.0347088829822454,8.805193903808469,0
resnet50,FP16,4,MAXN,15.6672,1.6127960634285463,-0.021431436857516,8.691864041889039,0
resnet50,FP16,8,15W,14.067968,0.7660396281007625,0.0799072900284765,17.815511724171213,0
resnet50,FP16,8,15W,13.792896,0.7645180614454008,0.0479184469350191,17.821381141384123,0
resnet50,FP16,8,15W,13.832192,0.7661582542379195,0.0585632237309975,17.809685153770914,0
resnet50,FP16,8,15W,13.792896,2.423862740505992,0.0049428229796394,5.575394135452754,0
resnet50,FP16,8,15W,14.947392,2.435416135029024,0.0056934647465991,5.609458405372867,0
resnet50,FP16,8,15W,13.832192,2.408518694172806,-0.0113319804302519,5.574321632378958,0
resnet50,FP16,8,25W,18.30976,0.7047712009881179,0.3106971521915112,25.217873745809708,0
resnet50,FP16,8,25W,18.27072,0.7075249180303703,0.2167071144821202,25.217030736478662,0
resnet50,FP16,8,25W,18.38784,0.710043853850163,0.1854067830131691,25.20305548174669,0
resnet50,FP16,8,25W,17.72416,2.298961217807192,0.0336812166638896,7.505102137297742,0
resnet50,FP16,8,25W,18.30976,2.262168121874247,0.0066714822196814,7.593152159320011,0
resnet50,FP16,8,25W,17.80224,2.264017497372644,0.0101100898087373,7.537529293529755,0
resnet50,FP16,8,MAXN,20.03968,0.7256071259301323,0.3049369308150724,26.7912577796823,0
resnet50,FP16,8,MAXN,20.000768,0.7290552764057958,0.1918515224586875,26.802372553736877,0
resnet50,FP16,8,MAXN,19.961856,0.7295554189203366,0.194142216171109,26.79135143483381,0
resnet50,FP16,8,MAXN,18.90336,2.3600813822578166,0.000383168185594,7.68194925030046,0
resnet50,FP16,8,MAXN,18.942336,2.347721567342276,-0.0124946615784531,7.716845726659671,0
resnet50,FP16,8,MAXN,18.981312000000003,2.3594093077726424,0.0002138780980496,7.702040082185069,0
resnet50,FP16,16,15W,14.476608,1.388070092812368,-0.0083938627173632,10.18458519876052,0
resnet50,FP16,16,15W,14.358912,1.384435899116751,-0.0122477724312189,10.231185354615366,0
resnet50,FP16,16,15W,14.201984,1.383317395817539,-4.078146631357347e-05,10.187999600830372,0
resnet50,FP16,16,15W,14.358912,4.230969149569472,-0.016070868205686,3.297553701812852,0
resnet50,FP16,16,15W,14.437376,4.194735728316828,-0.0087640417179072,3.2894122863924253,0
resnet50,FP16,16,15W,14.358912,4.197918732204025,-0.0017790030849939,3.318262872347296,0
resnet50,FP16,16,25W,18.669504,1.288227886945606,0.1727947677161828,14.337730768664391,0
resnet50,FP16,16,25W,18.70848,1.293351369824721,0.1079550170861189,14.297244226153186,0
resnet50,FP16,16,25W,18.70848,1.2910115838827838,0.0970911644773676,14.334356349938831,0
resnet50,FP16,16,25W,18.825408,3.9013600167045466,0.0195271822710399,4.63464348980584,0
resnet50,FP16,16,25W,18.864384,3.919570922446389,0.0099726502884806,4.600811908332392,0
resnet50,FP16,16,25W,18.942336,3.922793581343144,0.0119838273023936,4.623577862956235,0
resnet50,FP16,16,MAXN,20.084416,1.3255741038649484,0.1439683145875839,14.947462329065711,0
resnet50,FP16,16,MAXN,20.084416,1.3286720160059526,0.076608609397225,14.951687582280282,0
resnet50,FP16,16,MAXN,20.084416,1.3288496148908238,0.0725964517298884,14.961210494449482,0
resnet50,FP16,16,MAXN,20.356352,4.002236394896182,0.0069218366617126,4.8789474281819984,0
resnet50,FP16,16,MAXN,20.356352,4.014599527480378,-0.0018182579053698,4.851603373039154,0
resnet50,FP16,16,MAXN,20.317504,4.008739221727223,0.0013589662471764,4.8689728221302655,0
resnet50,FP32,1,15W,13.046272,0.277783304783422,0.1886123685918381,44.752602952134886,0
resnet50,FP32,1,15W,13.006976,0.2791191327285754,0.0627784815162878,45.13477643685922,0
resnet50,FP32,1,15W,13.006976,0.2797510164496691,0.1102147547555219,44.8654472987231,0
resnet50,FP32,1,15W,11.275264,1.3236767251076684,-0.1106583812922737,8.008374890660455,0
resnet50,FP32,1,15W,11.03872,1.320626867521179,-0.0697217798379397,8.000118042914908,0
resnet50,FP32,1,15W,10.959872,1.2968267730888805,-0.0518436244211229,8.21087053619142,0
resnet50,FP32,1,25W,11.945472,0.2802101238211401,0.1298379056559883,41.46384801630301,0
resnet50,FP32,1,25W,11.984896,0.28225837879372,0.0866608552308693,41.33541213713826,0
resnet50,FP32,1,25W,12.02432,0.2814539919656688,0.1261507622998386,41.38716030747059,0
resnet50,FP32,1,25W,11.551232,1.307410298575935,-0.0475162773792277,8.041177548901555,0
resnet50,FP32,1,25W,11.43296,1.2784259129581752,-0.0231455250625917,8.33253506999281,0
resnet50,FP32,1,25W,11.8272,1.2988350835742175,-0.0333503195063144,8.11026175348351,0
resnet50,FP32,1,MAXN,14.868928,0.2671174307587475,0.6515644651677491,51.92551521345265,0
resnet50,FP32,1,MAXN,14.790464,0.2690380160299265,0.405614865936022,52.56316083757502,0
resnet50,FP32,1,MAXN,14.829696,0.2688984860621321,0.33633789544198,52.82154685890823,0
resnet50,FP32,1,MAXN,12.103168,1.3318759553097517,-0.0461442355216,8.057386956085699,0
resnet50,FP32,1,MAXN,11.8272,1.284897312503359,0.0049611293679095,8.855659943284564,0
resnet50,FP32,1,MAXN,11.669504000000002,1.3273192343748632,-0.0248484287053125,8.01264189082963,0
resnet50,FP32,2,15W,15.30048,0.40152194213539,0.4269011657867583,36.22118313934586,0
resnet50,FP32,2,15W,15.10432,0.4026363814742342,0.2842310089226355,36.37628389048081,0
resnet50,FP32,2,15W,15.182784,0.4032468242165365,0.2605925050549261,36.35556889103729,0
resnet50,FP32,2,15W,12.792,1.61368656575447,0.0127637620899264,7.798665266518768,0
resnet50,FP32,2,15W,12.792,1.6109968474945386,0.0162830443173731,7.807336863777665,0
resnet50,FP32,2,15W,12.792,1.6135798992408232,0.0145861019610748,7.798621463980911,0
resnet50,FP32,2,25W,17.088448,0.3835272432594115,0.5314525230472739,42.31926096346079,0
resnet50,FP32,2,25W,17.205759999999998,0.3848420396715778,0.3991809648448433,42.40069182597852,0
resnet50,FP32,2,25W,17.166656,0.3842322366006575,0.3847520168201156,42.4750115252692,0
resnet50,FP32,2,25W,15.025856,1.6852686424202985,0.0242632488789011,8.477055795639055,0
resnet50,FP32,2,25W,14.829696,1.6838757894637877,0.0287539940515429,8.48494764800319,0
resnet50,FP32,2,25W,14.986624,1.6731164030681336,0.007317575568459,8.589099572370024,0
resnet50,FP32,2,MAXN,19.728384,0.3717673265232362,0.8199695493461047,49.38416905763588,0
resnet50,FP32,2,MAXN,19.65056,0.3754671414423727,0.4692408867498159,50.00194477564386,0
resnet50,FP32,2,MAXN,19.689472,0.3748652048948974,0.4362642122762372,49.9169277828948,0
resnet50,FP32,2,MAXN,17.45088,1.6096360831876289,0.0535934251516382,10.155984356105687,0
resnet50,FP32,2,MAXN,17.372799999999998,1.6144904238997175,0.0380882152544655,10.146162389580974,0
resnet50,FP32,2,MAXN,15.863040000000002,1.7063302565205378,-0.0221297796753864,8.76676543378281,0
resnet50,FP32,4,15W,14.986624,0.711768523029228,0.093865368097526,20.696523526421235,0
resnet50,FP32,4,15W,14.947392,0.7114319575257096,0.057213037689081,20.703509995569096,0
resnet50,FP32,4,15W,15.025856,0.7114469489794869,0.0577351591767435,20.68251283888872,0
resnet50,FP32,4,15W,14.51584,2.384553196985426,0.0021991812221981,6.033097841178235,0
resnet50,FP32,4,15W,14.672768,2.3989962432310072,0.007666232791297,6.017983591881436,0
resnet50,FP32,4,15W,14.594304,2.395389981023721,0.0102542703780518,6.020742965907345,0
resnet50,FP32,4,25W,19.884032,0.6542761725089324,0.3811128159424184,29.464459239427704,0
resnet50,FP32,4,25W,19.922944,0.6581012464499438,0.2727020809039394,29.432035905193963,0
resnet50,FP32,4,25W,19.922944,0.6589463348401527,0.2297264700685742,29.45199846307011,0
resnet50,FP32,4,25W,18.747456,2.3058178486433847,0.0615022257517579,7.842081440521482,0
resnet50,FP32,4,25W,18.27072,2.32695354150151,0.0376566195362744,7.725010220520528,0
resnet50,FP32,4,25W,18.162816,2.329408958989618,0.0348418580945891,7.689148944969075,0
resnet50,FP32,4,MAXN,21.486336,0.674180549839025,0.4141572503804726,30.79226204217417,0
resnet50,FP32,4,MAXN,21.52512,0.6786472052409277,0.2403353348811092,30.818778318269796,0
resnet50,FP32,4,MAXN,21.486336,0.6791551497116933,0.2174734512614237,30.846115886812697,0
resnet50,FP32,4,MAXN,20.162112,2.3782249937509,0.0480094070127648,8.080823027011398,0
resnet50,FP32,4,MAXN,19.222528,2.4116526563342755,0.0172276314206917,7.834202996674239,0
resnet50,FP32,4,MAXN,19.222528,2.4140498634782066,0.0209890772392627,7.823504474568166,0
resnet50,FP32,8,15W,15.118848,1.2416258966668643,-0.0184179018512113,12.050966819434263,0
resnet50,FP32,8,15W,15.197184,1.2459372961704676,-0.0108367626559926,12.018344100486184,0
resnet50,FP32,8,15W,15.040512,1.2420502359690044,-0.0088550050820566,12.008771675654984,0
resnet50,FP32,8,15W,15.27552,3.952552872310776,-0.0082712663870818,3.8205677356136185,0
resnet50,FP32,8,15W,15.314688,3.9597469095352578,-0.0070343338836604,3.805639863268248,0
resnet50,FP32,8,15W,15.27552,3.941180174771266,0.0065055731872983,3.833999423378268,0
resnet50,FP32,8,25W,20.045568,1.147303880818305,0.2057154111343982,17.210857200317356,0
resnet50,FP32,8,25W,20.045568,1.1487271474710037,0.1259574145724055,17.222132603219556,0
resnet50,FP32,8,25W,20.084416,1.1505624238071317,0.1279712683064434,17.2231545798338,0
resnet50,FP32,8,25W,20.511744,3.702852024877511,0.0551357423552617,5.4790672247272125,0
resnet50,FP32,8,25W,20.511744,3.7154269596916456,0.0343144587330272,5.453682908187618,0
resnet50,FP32,8,25W,20.550592,3.715442642662074,0.0303006340609122,5.464615616210088,0
resnet50,FP32,8,MAXN,21.486336,1.1931289331494308,0.1656035702178677,17.72001908836378,0
resnet50,FP32,8,MAXN,21.52512,1.1956781431709154,0.1051266107907526,17.722348442901225,0
resnet50,FP32,8,MAXN,21.563904,1.2021211279409525,0.0944769444634495,17.6714831625285,0
resnet50,FP32,8,MAXN,21.76064,3.837142813376916,0.0352949047896234,5.6014336449381,0
resnet50,FP32,8,MAXN,21.72192,3.842576431655307,0.027195960409962,5.587097432164774,0
resnet50,FP32,8,MAXN,21.72192,3.840911784745134,0.013225314021922,5.597012382700506,0
resnet50,FP32,16,15W,15.47136,2.5052667363414267,-0.0662013058817234,6.117805373538904,0
resnet50,FP32,16,15W,15.47136,2.499711439621683,-0.0277951861526586,6.132054446676886,0
resnet50,FP32,16,15W,15.47136,2.49096371761711,-0.0212936329041067,6.11987717215091,0
resnet50,FP32,16,15W,15.876224,7.322235221965332,-0.0024450318744043,2.1181892780484173,1
resnet50,FP32,16,15W,15.6672,7.3336670050432895,-0.0010607891858015,2.1101469119384317,1
resnet50,FP32,16,15W,15.706368,7.331992764480453,-0.0002126366794149,2.109105904331785,1
resnet50,FP32,16,25W,20.317504,2.3245660171052465,0.1123488383902031,8.652505389897778,0
resnet50,FP32,16,25W,20.3952,2.333144052121065,0.0751984761094088,8.652852445960978,0
resnet50,FP32,16,25W,20.434048,2.328676831614963,0.0584641867532941,8.6980102115408,0
resnet50,FP32,16,25W,21.059712,6.927258437480435,0.0321469133321661,2.9895688735369568,1
resnet50,FP32,16,25W,20.982144,6.943327471371176,0.0168248482066071,2.989388566449072,1
resnet50,FP32,16,25W,21.020928,6.942745320904141,0.0070475786116271,2.983708729601569,1
resnet50,FP32,16,MAXN,21.641472,2.423648267585693,0.0616859727619056,8.852347661463872,0
resnet50,FP32,16,MAXN,21.64448,2.420256711338239,0.0330245093264196,8.86625066820267,0
resnet50,FP32,16,MAXN,21.64448,2.4150975317431675,0.0326811166935099,8.881088022206951,0
resnet50,FP32,16,MAXN,22.14784,7.161174148618857,0.0154352400950252,3.0513319279615105,1
resnet50,FP32,16,MAXN,22.10912,7.16609751150061,0.014502193949117,3.0497684682345345,1
resnet50,FP32,16,MAXN,22.10912,7.1673777848759865,-0.0001670692691665,3.049942552553897,1
mobilenet_v3_large,FP16,1,15W,8.147712,0.1973999585731617,-0.1957839846460082,41.10273326155524,0
mobilenet_v3_large,FP16,1,15W,8.226816000000001,0.1981114640968664,-0.1742635779300612,41.072008287186975,0
mobilenet_v3_large,FP16,1,15W,8.266368,0.1938268231496297,-0.1477281987090731,42.16174887127421,0
mobilenet_v3_large,FP16,1,15W,7.962816,0.9376857745308326,-0.1416271543951142,8.153622439520415,0
mobilenet_v3_large,FP16,1,15W,7.962816,0.9081367192488536,-0.0966922558685371,8.40096290821989,0
mobilenet_v3_large,FP16,1,15W,7.9232,0.904779480543306,-0.0778092263693141,8.411803779064089,0
mobilenet_v3_large,FP16,1,25W,7.725119999999999,0.2075841916232287,-0.0424136581875056,36.92112548822785,0
mobilenet_v3_large,FP16,1,25W,7.764736,0.2091366764418131,-0.0567439571456975,36.67264570392686,0
mobilenet_v3_large,FP16,1,25W,7.725119999999999,0.2080955979889024,-0.0676912356854947,36.91800705609198,0
mobilenet_v3_large,FP16,1,25W,7.804352,0.9387889526211548,-0.0459635182215881,7.97732111043971,0
mobilenet_v3_large,FP16,1,25W,7.764736,0.9367782008769489,-0.0459160532322634,7.998372008802052,0
mobilenet_v3_large,FP16,1,25W,7.764736,0.9513294178137712,-0.0217934974384292,7.903330720107897,0
mobilenet_v3_large,FP16,1,MAXN,8.71552,0.1807967833950058,0.1421717675032691,46.81554623132256,0
mobilenet_v3_large,FP16,1,MAXN,8.596672,0.1817351381575908,0.0150705236091007,46.82512243562538,0
mobilenet_v3_large,FP16,1,MAXN,8.596672,0.1820606317329231,-0.034973020432782,46.86988012470736,0
mobilenet_v3_large,FP16,1,MAXN,8.081664,0.9493329683007796,-0.0161663316638437,8.072876531912488,0
mobilenet_v3_large,FP16,1,MAXN,7.962816,0.9452689047376928,-0.0170232826182516,8.109751533475267,0
mobilenet_v3_large,FP16,1,MAXN,8.042048,0.8835634778170648,-0.0120561713596397,8.806482384189998,0
mobilenet_v3_large,FP16,2,15W,8.557056000000001,0.2035580019385044,0.0331127012885209,41.65586518511356,0
mobilenet_v3_large,FP16,2,15W,8.596672,0.2025911371773906,0.0012599317434845,42.02451075723548,0
mobilenet_v3_large,FP16,2,15W,8.51744,0.2071745876470813,-0.0217660981320101,40.862335886323685,0
mobilenet_v3_large,FP16,2,15W,8.477824,0.9910340592601444,-0.0122914567689305,7.96197884014397,0
mobilenet_v3_large,FP16,2,15W,8.240128,0.9631739554555172,-0.009786622747955,8.219060453700738,0
mobilenet_v3_large,FP16,2,15W,8.12128,0.972639730118994,-0.0078708539203195,8.110057161760393,0
mobilenet_v3_large,FP16,2,25W,8.160896,0.2185995652399032,0.0160118306721469,36.85756352704844,0
mobilenet_v3_large,FP16,2,25W,8.160896,0.2204548669719394,0.0090873013816077,36.89546005592901,0
mobilenet_v3_large,FP16,2,25W,8.160896,0.220826495641424,0.0018218547980164,36.7726397686529,0
mobilenet_v3_large,FP16,2,25W,8.240128,0.9348242673095792,-0.003553838779646,8.46762238747446,0
mobilenet_v3_large,FP16,2,25W,8.12128,0.9262265859350204,-0.0035022857020587,8.553943273173997,0
mobilenet_v3_large,FP16,2,25W,8.319360000000001,1.0031370869296885,-0.0067909438791354,7.7753457379817394,0
mobilenet_v3_large,FP16,2,MAXN,9.11168,0.1914392436124555,0.0746650624013209,46.63613790668816,0
mobilenet_v3_large,FP16,2,MAXN,9.151296,0.1944562339426252,0.0095153297440942,46.65231521813672,0
mobilenet_v3_large,FP16,2,MAXN,9.151296,0.1940163192793518,0.0281998093112933,46.744506225071945,0
mobilenet_v3_large,FP16,2,MAXN,8.358976,0.9838978818367848,-0.0064552696571753,8.11189139428064,0
mobilenet_v3_large,FP16,2,MAXN,8.477824,1.020499371121512,-0.0069879757145585,7.74457035298834,0
mobilenet_v3_large,FP16,2,MAXN,8.279744,1.0172047748880062,-0.0082276339488556,7.746025132470643,0
mobilenet_v3_large,FP16,4,15W,9.571584,0.232858467156203,0.0619508481820673,40.40480487927034,0
mobilenet_v3_large,FP16,4,15W,9.611136,0.2342225761747039,0.0313171515880487,40.488516342528186,0
mobilenet_v3_large,FP16,4,15W,9.571584,0.2347085920684711,0.0716350138569729,40.36292923035911,0
mobilenet_v3_large,FP16,4,15W,9.215616,1.1294637225495845,0.001029474832753,7.520877026172415,0
mobilenet_v3_large,FP16,4,15W,9.032448,1.062246193474912,-0.0019067832091104,8.139395015978328,0
mobilenet_v3_large,FP16,4,15W,9.072064,1.0089046180356775,0.0041205207459735,8.743402527258922,0
mobilenet_v3_large,FP16,4,25W,9.11168,0.2452391159023046,0.0369589081928342,36.369003829065775,0
mobilenet_v3_large,FP16,4,25W,9.151296,0.2478345743521518,0.0112153202228702,36.40991868392127,0
mobilenet_v3_large,FP16,4,25W,9.11168,0.2462829046264718,0.0204976782807372,36.60963517551375,0
mobilenet_v3_large,FP16,4,25W,9.032448,1.1298095044122236,0.0024820039135538,7.464669441103072,0
mobilenet_v3_large,FP16,4,25W,8.834368,1.080076878124438,0.0037774233217841,7.912853992664731,0
mobilenet_v3_large,FP16,4,25W,8.953216000000001,1.1279314679152923,-0.0030370822753428,7.469199127617824,0
mobilenet_v3_large,FP16,4,MAXN,10.46432,0.2193982823757239,0.1301284183208893,46.32210461398736,0
mobilenet_v3_large,FP16,4,MAXN,10.543296,0.2241198857431895,0.1081576792849684,46.37311494992564,0
mobilenet_v3_large,FP16,4,MAXN,10.503808,0.2245466094915588,0.0847751310841188,46.37298676817543,0
mobilenet_v3_large,FP16,4,MAXN,9.413376,1.122893059127991,-0.0088458852739276,7.6834643109471426,0
mobilenet_v3_large,FP16,4,MAXN,9.413376,1.0593082781582683,-0.0011603883902734,8.308017300866414,0
mobilenet_v3_large,FP16,4,MAXN,9.072064,1.1515505772603036,-0.0021191114448967,7.423045682174735,0
mobilenet_v3_large,FP16,8,15W,11.906048,0.2886100120934741,0.2661648217034146,40.03771186246198,0
mobilenet_v3_large,FP16,8,15W,11.945472,0.2910037213446129,0.1293009780726495,40.46990151965622,0
mobilenet_v3_large,FP16,8,15W,11.945472,0.2901865602644573,0.0941207803982207,40.50917542465072,0
mobilenet_v3_large,FP16,8,15W,10.740736,1.3793316002674636,0.0049544133197409,7.075853367307502,0
mobilenet_v3_large,FP16,8,15W,10.740736,1.30655982738415,0.0170004730376025,7.768025013512304,0
mobilenet_v3_large,FP16,8,15W,10.780224,1.2133480686498068,0.0150978800219543,8.712991535199572,0
mobilenet_v3_large,FP16,8,25W,11.175104,0.2964973031482223,0.1442090350483636,36.49131783933442,0
mobilenet_v3_large,FP16,8,25W,11.05664,0.302405905441602,0.0082583043264634,36.08931139398005,0
mobilenet_v3_large,FP16,8,25W,11.096128,0.3022675168912958,0.0380309185134478,36.10022177937333,0
mobilenet_v3_large,FP16,8,25W,10.622272,1.3337566832803196,0.0049745857636387,7.612148607453621,0
mobilenet_v3_large,FP16,8,25W,10.898688,1.263477040186697,0.0300904831422753,8.211568210904517,0
mobilenet_v3_large,FP16,8,25W,10.8592,1.259674996437829,0.0092332774957041,8.264096086214387,0
mobilenet_v3_large,FP16,8,MAXN,13.30368,0.2783964409922965,0.4224142300052669,45.711921873319255,0
mobilenet_v3_large,FP16,8,MAXN,13.596416,0.2823356681210696,0.1477462215299319,47.19754198423954,0
mobilenet_v3_large,FP16,8,MAXN,13.46112,0.2867287966186797,0.1390281464611487,46.11839053386753,0
mobilenet_v3_large,FP16,8,MAXN,11.472384,1.3255686189097726,-0.0441111360604496,7.877247935442062,0
mobilenet_v3_large,FP16,8,MAXN,11.8272,1.3530598992844305,-0.0279182180796133,7.60657382976725,0
mobilenet_v3_large,FP16,8,MAXN,11.175104,1.3623343246350912,-0.0232567682124744,7.471152066009588,0
mobilenet_v3_large,FP16,16,15W,13.3824,0.4522803403843704,0.2270856315261466,28.85627827115868,0
mobilenet_v3_large,FP16,16,15W,13.3824,0.4534626851510668,0.1237303546914861,28.90385084052988,0
mobilenet_v3_large,FP16,16,15W,13.3824,0.4559912131200239,0.1217598355195003,28.861196773685126,0
mobilenet_v3_large,FP16,16,15W,11.787776,1.8925400979432276,0.0031458926126694,6.112718188666718,0
mobilenet_v3_large,FP16,16,15W,11.906048,1.8798499393925343,0.0058389285385165,6.172111573683642,0
mobilenet_v3_large,FP16,16,15W,11.984896,1.876980814860593,0.0113172605218047,6.212735862485647,0
mobilenet_v3_large,FP16,16,25W,15.863040000000002,0.4101933531876349,0.45401725448775,37.145468640523546,0
mobilenet_v3_large,FP16,16,25W,15.902208,0.4184931533472445,0.1775163238576638,37.25662584190633,0
mobilenet_v3_large,FP16,16,25W,15.941376,0.4193719058460939,0.1641585436354089,37.22599965815739,0
mobilenet_v3_large,FP16,16,25W,13.95008,1.920351961877225,0.0136288603383874,6.941064811387999,0
mobilenet_v3_large,FP16,16,25W,14.028672,1.9232013472161005,0.0178880505382957,6.953464208446879,0
mobilenet_v3_large,FP16,16,25W,13.95008,1.9288591415262024,0.0109502441597971,6.930073845160659,0
mobilenet_v3_large,FP16,16,MAXN,17.9584,0.397346795328316,0.5835401773260394,42.7948761533884,0
mobilenet_v3_large,FP16,16,MAXN,17.997439999999997,0.4097984761024312,0.2255315928718245,42.99950721045037,0
mobilenet_v3_large,FP16,16,MAXN,17.9584,0.4099575828494628,0.2310098482489717,42.9553665742915,0
mobilenet_v3_large,FP16,16,MAXN,15.222016,1.988371226966588,-0.0014255202004344,7.09142950178112,0
mobilenet_v3_large,FP16,16,MAXN,14.829696,1.9876278414317283,0.0077328892665732,7.091741740945689,0
mobilenet_v3_large,FP16,16,MAXN,15.706368,1.868405210805126,0.0188614340834647,7.913217926008213,0
mobilenet_v3_large,FP32,1,15W,8.557056000000001,0.1879758512689128,-0.060774177148427,44.86628178553358,0
mobilenet_v3_large,FP32,1,15W,8.51744,0.1921564062062922,-0.1197460067477076,44.04274563392087,0
mobilenet_v3_large,FP32,1,15W,8.557056000000001,0.1919840193532404,-0.0666984467908941,44.14465349841119,0
mobilenet_v3_large,FP32,1,15W,8.51744,0.9513439532903984,-0.0830030501192165,8.391713978383557,0
mobilenet_v3_large,FP32,1,15W,8.200512,0.980469236590811,-0.0635833209490086,8.050242267406617,0
mobilenet_v3_large,FP32,1,15W,8.279744,0.9057042848646056,-0.03403280401452,8.853190508501996,0
mobilenet_v3_large,FP32,1,25W,8.200512,0.2036772430916057,-0.0127174847964386,39.70178472356604,0
mobilenet_v3_large,FP32,1,25W,8.160896,0.2038358889554653,-0.0278892337023737,39.83426569225117,0
mobilenet_v3_large,FP32,1,25W,8.160896,0.2042098369704547,-0.0291479516222967,39.75987771460591,0
mobilenet_v3_large,FP32,1,25W,8.12128,0.9912672021091234,-0.0314230736684836,7.950229409490342,0
mobilenet_v3_large,FP32,1,25W,8.160896,0.9779902132456862,-0.0213180542181107,8.09585494674916,0
mobilenet_v3_large,FP32,1,25W,8.240128,0.898811550407381,-0.0068125823989668,8.952326827465935,0
mobilenet_v3_large,FP32,1,MAXN,9.11168,0.1775215939564553,0.0837003862000118,49.978118413598416,0
mobilenet_v3_large,FP32,1,MAXN,9.151296,0.1796766869496039,-0.0282096678368003,50.54376650263277,0
mobilenet_v3_large,FP32,1,MAXN,9.11168,0.1805302101878348,0.0774694433157927,50.25341584829548,0
mobilenet_v3_large,FP32,1,MAXN,8.398592,1.0076509793767792,-0.0175646225908095,7.925307033404628,0
mobilenet_v3_large,FP32,1,MAXN,8.398592,1.010282791512583,-0.0082835149413962,7.909854489051468,0
mobilenet_v3_large,FP32,1,MAXN,8.279744,0.975779805336092,-0.0048731676104668,8.269059134317613,0
mobilenet_v3_large,FP32,2,15W,9.373824,0.2081059793844305,0.0541156738518016,44.08565645780458,0
mobilenet_v3_large,FP32,2,15W,9.373824,0.2105529230219093,0.0215776130667969,44.15723437009626,0
mobilenet_v3_large,FP32,2,15W,9.452928,0.2100312329660686,0.0238537100630824,44.46810330683329,0
mobilenet_v3_large,FP32,2,15W,9.270144,1.0939767912615173,-0.0032957730626506,7.776409660892788,0
mobilenet_v3_large,FP32,2,15W,8.834368,1.106031577340168,-0.0038563684423755,7.64687269585899,0
mobilenet_v3_large,FP32,2,15W,8.9136,1.112450032396351,0.0033405910125072,7.587432917115085,0
mobilenet_v3_large,FP32,2,25W,8.992832,0.2189436199227653,0.0275865660813865,40.23801236049986,0
mobilenet_v3_large,FP32,2,25W,8.953216000000001,0.2205920536038196,0.005430717961158,40.246657629987226,0
mobilenet_v3_large,FP32,2,25W,8.992832,0.2208758833153007,0.0135109321323012,40.29527798379499,0
mobilenet_v3_large,FP32,2,25W,8.953216000000001,1.103083960438196,-0.0041124755133956,7.641807401802517,0
mobilenet_v3_large,FP32,2,25W,8.9136,1.093596433414244,-0.0054495588290303,7.717268682188322,0
mobilenet_v3_large,FP32,2,25W,8.9136,1.0953853038889814,-0.0046714147785751,7.687507329279217,0
mobilenet_v3_large,FP32,2,MAXN,10.28352,0.1951265558533019,0.1838420192754321,50.76974700852176,0
mobilenet_v3_large,FP32,2,MAXN,10.28352,0.198604316731367,0.0745995910964117,51.11994783025851,0
mobilenet_v3_large,FP32,2,MAXN,10.323072,0.1993849546671867,9.922982581961994e-05,51.15612285157748,0
mobilenet_v3_large,FP32,2,MAXN,9.413376,1.0323446538771786,0.0027978851603335,8.542971616153041,0
mobilenet_v3_large,FP32,2,MAXN,9.650688,0.8967950017158034,0.0144530135919058,10.377266572263403,0
mobilenet_v3_large,FP32,2,MAXN,9.413376,0.935049923481605,0.0060458025663492,9.768521818894968,0
mobilenet_v3_large,FP32,4,15W,11.708928,0.2537724415998909,0.2794682082053076,44.26444142118898,0
mobilenet_v3_large,FP32,4,15W,11.63008,0.2570799426996962,0.1347314719946258,44.497836521717126,0
mobilenet_v3_large,FP32,4,15W,11.63008,0.2576923601777702,0.097625497457432,44.53636114659487,0
mobilenet_v3_large,FP32,4,15W,10.740736,1.2460676156043442,0.0047043141773379,7.77875747719117,0
mobilenet_v3_large,FP32,4,15W,10.740736,1.1442620256799707,0.0165191141072088,8.876991679514182,0
mobilenet_v3_large,FP32,4,15W,10.740736,1.140075676729471,0.010513554826563,8.977579541521845,0
mobilenet_v3_large,FP32,4,25W,10.8592,0.2624380829492696,0.0979481949772998,40.0141467935202,0
mobilenet_v3_large,FP32,4,25W,10.819712,0.2647882911643667,0.0103434795780778,40.35370262472218,0
mobilenet_v3_large,FP32,4,25W,10.780224,0.2670990410889836,-0.0049732876021582,39.97863280669476,0
mobilenet_v3_large,FP32,4,25W,10.8592,1.1446076846916065,0.0199534577082908,8.860101384107065,0
mobilenet_v3_large,FP32,4,25W,10.740736,1.2400050632434825,-0.0191548093464323,7.777184511157243,0
mobilenet_v3_large,FP32,4,25W,10.345856,1.259636390557542,-0.0073126255965604,7.617966769733159,0
mobilenet_v3_large,FP32,4,MAXN,13.02816,0.2430018257319121,0.4466709723415196,50.73494373987848,0
mobilenet_v3_large,FP32,4,MAXN,13.02816,0.2494140522935934,0.1531749001378755,51.39314195975199,0
mobilenet_v3_large,FP32,4,MAXN,12.9888,0.250263540868038,0.1386485908033053,51.20683079350536,0
mobilenet_v3_large,FP32,4,MAXN,11.314688,1.1325824925123211,0.0400173422247792,9.230580269714189,0
mobilenet_v3_large,FP32,4,MAXN,10.66176,1.2347934933261857,-0.0254572524755618,8.009582112552808,0
mobilenet_v3_large,FP32,4,MAXN,11.412032,1.0910990173568589,0.0594946448190527,9.77659473455596,0
mobilenet_v3_large,FP32,8,15W,14.421632,0.3603287589021637,0.3528002654393789,38.4219293241576,0
mobilenet_v3_large,FP32,8,15W,14.382336,0.3670914004962968,0.1752191816348175,38.39610707461442,0
mobilenet_v3_large,FP32,8,15W,14.421632,0.3669098968324978,0.1515433749453777,38.44694755906056,0
mobilenet_v3_large,FP32,8,15W,12.260864,1.6146072522552384,0.0153726491512316,7.344408808457217,0
mobilenet_v3_large,FP32,8,15W,12.260864,1.6225837575360271,-0.0001784378438656,7.243722215211771,0
mobilenet_v3_large,FP32,8,15W,12.260864,1.5985975569852784,0.0153949158623101,7.459795704823505,0
mobilenet_v3_large,FP32,8,25W,15.339712,0.3527420257174867,0.4468829379820928,41.53493084567872,0
mobilenet_v3_large,FP32,8,25W,15.614336,0.3564041242743661,0.1978794295815398,42.753036269973805,0
mobilenet_v3_large,FP32,8,25W,15.628032,0.3586459536872186,0.1422156464315937,42.66315200566992,0
mobilenet_v3_large,FP32,8,25W,14.555072,1.569170305901518,0.0479514845875715,8.978187897240835,0
mobilenet_v3_large,FP32,8,25W,14.500224,1.573710021015312,0.0303033182635739,8.917009949812199,0
mobilenet_v3_large,FP32,8,25W,14.185856,1.6337127075054598,-0.0077296629731183,8.185533183821246,0
mobilenet_v3_large,FP32,8,MAXN,18.19264,0.3278151516499992,0.7342522428522181,51.56760264167392,0
mobilenet_v3_large,FP32,8,MAXN,18.27072,0.3409792891347966,0.2727264490399704,52.19870352410225,0
mobilenet_v3_large,FP32,8,MAXN,18.27072,0.3409157724600916,0.2085100779036554,52.22392321730008,0
mobilenet_v3_large,FP32,8,MAXN,15.6672,1.6605022366191151,-0.0856963749858251,8.059686626577957,0
mobilenet_v3_large,FP32,8,MAXN,14.790464,1.6762904728621948,-0.0267233660138233,7.767327425649061,0
mobilenet_v3_large,FP32,8,MAXN,15.510528,1.6591232456379243,-0.0360396300900641,8.148948110303932,0
mobilenet_v3_large,FP32,16,15W,13.910784,0.6982011723174342,0.0863840812714721,19.622627168280182,0
mobilenet_v3_large,FP32,16,15W,13.910784,0.6975136752814121,0.0368343976458442,19.778391399645308,0
mobilenet_v3_large,FP32,16,15W,13.910784,0.7011213681922724,0.0357481983086087,19.64315905938241,0
mobilenet_v3_large,FP32,16,15W,13.55712,2.671776381983562,0.0081026969698097,4.978332103738018,0
mobilenet_v3_large,FP32,16,15W,13.478528,2.6682327265927435,0.0038440207947775,4.979265687716099,0
mobilenet_v3_large,FP32,16,15W,13.517824,2.674160960363644,0.0072835471482708,4.976588675200939,0
mobilenet_v3_large,FP32,16,25W,17.997439999999997,0.634350445071935,0.2978554412877761,27.546763057623863,0
mobilenet_v3_large,FP32,16,25W,18.03648,0.6442580064664557,0.1434361470707312,27.523191311177204,0
mobilenet_v3_large,FP32,16,25W,17.997439999999997,0.6426003911222576,0.1279914998218216,27.53175592892997,0
mobilenet_v3_large,FP32,16,25W,16.658304,2.56100586336035,0.0269096081383574,6.394376396754756,0
mobilenet_v3_large,FP32,16,25W,17.049344,2.5605739837760213,0.0213526584498991,6.432790524948103,0
mobilenet_v3_large,FP32,16,25W,17.049344,2.558720696912628,0.01136971318946,6.446146177013275,0
mobilenet_v3_large,FP32,16,MAXN,19.417088,0.643427041143835,0.3356627327941766,29.223067872776998,0
mobilenet_v3_large,FP32,16,MAXN,19.456,0.6555942896767261,0.1489170374343988,29.19080978784149,0
mobilenet_v3_large,FP32,16,MAXN,19.417088,0.6554067469140537,0.1185465715764788,29.216658615187143,0
mobilenet_v3_large,FP32,16,MAXN,18.5136,2.6249334562335145,0.0139099849981435,6.719278764228752,0
mobilenet_v3_large,FP32,16,MAXN,17.88032,2.6370707167074823,0.0129549079935566,6.66627433242377,0
mobilenet_v3_large,FP32,16,MAXN,17.91936,2.642023324383631,0.0083311995756001,6.650425103997447,0
