t_s,power_w,temp_c
0.0003562339998097741,14.844672000000001,65.843
0.01361001999975997,14.844672000000001,65.468
0.026854108999941673,14.805504,65.375
0.04012959099964064,14.727167999999999,65.562
0.052657275999990816,14.688,65.281
0.06505068499973277,14.609664,65.406
0.07764061099987885,14.570495999999999,65.718
0.08972159499990084,14.609664,65.406
0.10170321700024942,14.648832,65.718
0.11365555700012919,14.688,65.656
0.12565023400020436,14.688,65.343
0.13760401499985164,14.727167999999999,65.562
0.1495753640001567,14.727167999999999,65.937
0.16152642399993056,14.766335999999999,65.562
0.17348974099968473,14.766335999999999,65.812
0.18549459499990917,14.766335999999999,65.593
0.19858623100026307,14.727167999999999,65.781
0.2118110239998714,14.766335999999999,65.562
0.22500189600032172,14.805504,65.843
0.23743764200025907,14.805504,65.5
0.2494700159995773,14.844672000000001,65.75
0.26152770400040026,14.88384,65.5
0.27353438199952507,14.88384,65.656
0.28555299599975115,14.923008,65.5
0.29753634499957116,14.923008,65.625
0.30949460600004386,14.923008,65.968
0.32147587500003283,14.962176,65.531
0.3334908730003008,14.962176,65.781
0.3455087189995538,14.962176,65.531
0.358278939000229,14.923008,65.5
0.37135876699994697,14.923008,65.687
0.3843980499996178,14.923008,65.843
0.39648207499976706,14.923008,65.5
0.4084804639996946,14.923008,65.75
0.42059482500008016,14.962176,65.437
0.43256572599966603,14.962176,65.593
0.4445679560003555,15.001344,65.437
0.45652784800040536,15.001344,66.0
0.4685340460000589,15.001344,65.531
0.4805592530001377,15.040512000000001,65.875
0.49282635399958963,15.040512000000001,65.531
0.5049420909999753,15.040512000000001,65.75
0.517121701999713,15.040512000000001,65.5
0.5304606740000963,15.001344,65.968
0.5435935280002013,15.040512000000001,65.5
0.5570060379995994,15.040512000000001,65.75
0.569018860000142,15.07968,65.468
0.5810064329998568,15.07968,65.656
0.5931589709998661,15.118848,65.437
0.6051557290002165,15.118848,65.593
0.61716810300004,15.118848,65.937
0.6291820449996521,15.118848,65.593
0.6412713489999078,15.158016,65.781
0.653273130999878,15.158016,65.531
0.6652420800000982,15.158016,65.75
0.6772289489999821,15.158016,65.75
0.6905179349996615,15.118848,66.0
0.7039262529997359,15.118848,65.843
0.7174374859996533,15.158016,65.5
0.7295465349998267,15.158016,65.718
0.7415776609996101,15.197184,65.5
0.7535478259997035,15.236352,65.562
0.7655618319995483,15.236352,65.906
0.7775259170002755,15.236352,65.625
0.7896442139999635,15.236352,65.843
0.8016064109997387,15.27552,65.593
0.8136144970003443,15.27552,65.718
0.8255927580003117,15.27552,65.531
0.8375762989999203,15.27552,65.687
0.8507940190002046,15.197184,65.562
0.8643448370003171,15.236352,65.781
0.8774663630001669,15.236352,65.468
0.8896750619996965,15.236352,65.687
0.9016644599996653,15.236352,65.5
0.9136429130003307,15.27552,66.0
0.9256218139998964,15.27552,65.875
0.9375729060002413,15.314688,65.781
0.9495634240001891,15.314688,65.531
0.961513747999561,15.314688,65.718
0.9738294910002878,15.353856,65.468
0.9852567279995128,15.27552,65.625
0.997477971999615,15.236352,65.937
1.009475914000177,15.236352,65.562
1.0228121339996505,15.197184,65.781
1.0361482569996951,15.236352,65.718
1.0494602199996734,15.236352,65.343
1.0614851070004079,15.236352,65.593
1.0734799439997005,15.27552,66.0
1.0854759020003257,15.27552,65.562
1.0974905800003398,15.27552,65.781
1.1094447440000295,15.27552,65.468
1.1214536300003601,15.314688,65.75
1.1334594439995271,15.314688,65.531
1.14544720899994,15.314688,65.656
1.1574175019995891,15.314688,65.937
1.1693993150001916,15.314688,65.875
1.182822834000035,15.27552,65.625
1.1961195320000115,15.27552,65.687
1.209432487000413,15.27552,65.593
1.2215126709998003,15.27552,65.312
1.233505205000256,15.314688,65.5
1.24550282600012,15.314688,65.75
1.2576979579998806,15.314688,65.406
1.2696430659998441,15.353856,65.718
1.2815764609995313,15.314688,65.5
1.2935522580000907,15.353856,65.656
1.3055116389996329,15.353856,65.937
1.317806197000209,15.353856,65.625
1.3298571320001429,15.314688,65.75
1.3433354999997391,15.27552,65.75
1.3572387120002531,15.27552,65.375
1.37068046999957,15.314688,65.562
1.3829661640002087,15.314688,65.562
1.3949818660003075,15.314688,65.812
1.406968735999726,15.353856,65.531
1.4190248869999778,15.353856,65.75
1.4309911800000918,15.353856,65.562
1.4429820489995109,15.353856,65.718
1.454983990999608,15.353856,65.375
1.4669821879997471,15.353856,65.656
1.4789446730001146,15.353856,65.843
1.4909710949996224,15.353856,65.5
1.5040203309999924,15.27552,65.5
1.517477866000263,15.314688,65.625
1.5307954930003689,15.314688,65.406
1.542820220000067,15.314688,65.531
1.5548213929996564,15.314688,65.812
1.5668113029996675,15.353856,65.437
1.5787973079995936,15.353856,65.718
1.5904532240001572,15.27552,65.375
1.6021761179999885,15.27552,65.625
1.6141680110004017,15.314688,65.968
1.626159297000413,15.314688,65.593
1.638159125999664,15.314688,65.906
1.650190028999532,15.314688,65.593
1.6622034270003496,15.27552,65.562
1.6755380790000345,15.236352,65.718
1.6888518980003937,15.27552,65.531
1.7025471360002484,15.27552,65.875
1.7145672540000305,15.27552,65.437
1.7265493869999773,15.314688,65.75
1.738670787999581,15.314688,65.406
1.750675610000144,15.314688,65.687
1.7626534230003017,15.314688,65.406
1.7746500530001867,15.314688,65.531
1.7866384899998593,15.353856,65.875
1.7986362069996176,15.353856,65.531
1.810610307999923,15.353856,65.75
1.8225866490001863,15.314688,65.5
1.8359590620002564,15.27552,65.468
1.8492778410000028,15.27552,65.5
1.8624246800000037,15.27552,65.75
1.8745724500004144,15.314688,65.468
1.8865535269997054,15.314688,65.75
1.8985234359997776,15.353856,65.343
1.9105910110001787,15.353856,65.625
1.922583257000042,15.353856,65.375
1.9345658700003696,15.353856,65.906
1.9465687399997478,15.353856,65.593
1.9585483130003922,15.353856,65.781
1.9704913089999536,15.353856,65.5
1.982444289000341,15.353856,65.593
1.995716538999659,15.314688,65.5
2.0090834789998553,15.314688,65.843
2.0224212350003654,15.314688,65.375
2.0347794749995955,15.314688,65.687
2.046759591999944,15.314688,65.468
2.058784638999896,15.353856,65.656
2.0707747079995897,15.353856,65.375
2.0827663130003202,15.353856,65.625
2.09476396700029,15.353856,65.875
2.106756148000386,15.393023999999999,65.562
2.1187501539998266,15.393023999999999,65.781
2.1307902090002244,15.393023999999999,65.531
2.142789845999687,15.353856,65.656
2.155498367999826,15.314688,65.593
2.168646613999954,15.314688,65.875
2.1819214560000546,15.27552,65.343
2.194523639000181,15.236352,65.687
2.2065134839995153,15.27552,65.593
2.2184730569997555,15.27552,65.281
2.230425140999614,15.27552,65.5
2.2424081700000897,15.27552,65.843
2.2543742710004153,15.27552,65.437
2.2663337799995134,15.314688,65.75
2.278299175999564,15.314688,65.468
2.2905128680004054,15.314688,65.718
2.3024862649999704,15.314688,65.406
2.314430796999659,15.314688,65.625
2.3276589489996695,15.236352,65.468
2.341032194000036,15.27552,65.75
2.354577443999915,15.27552,65.406
2.3667453420002857,15.27552,65.531
2.3787322119997043,15.314688,65.312
2.3907289050002873,15.314688,65.562
2.402719742000045,15.314688,65.843
2.4147296519995507,15.314688,65.5
2.4267502829998193,15.314688,65.75
2.438970725999752,15.314688,65.718
2.450962652000271,15.353856,65.437
2.462967409999692,15.314688,65.625
2.4749839759997485,15.314688,65.875
2.4880864609995115,15.27552,65.531
2.50138344700008,15.27552,65.437
2.5146647530000337,15.27552,65.593
2.5269516309999744,15.27552,65.312
2.5390067259995703,15.314688,65.562
2.5509969240001737,15.314688,65.843
2.562980912999592,15.353856,65.468
2.574993926999923,15.353856,65.75
2.587012668999705,15.353856,65.468
2.5990408839998054,15.353856,65.656
2.6110266329997103,15.353856,65.375
2.622970620999695,15.353856,65.593
2.6349818749995393,15.353856,65.906
2.6479609959997106,15.27552,65.75
2.661534470999868,15.314688,65.375
2.6746858850001445,15.314688,65.625
2.6869762189999165,15.314688,65.281
2.698985809000078,15.314688,65.5
2.710977574000026,15.353856,65.781
2.722990588000357,15.353856,65.718
2.7349882739999885,15.353856,65.468
2.746976966999682,15.353856,65.625
2.7590422069997658,15.353856,65.406
2.7710114439996687,15.353856,65.5
2.78299437700025,15.353856,65.843
2.794595123000363,15.27552,65.437
2.8066046169997207,15.27552,65.75
2.8201849400002175,15.236352,65.687
2.833803694999915,15.236352,65.312
2.8470700249999936,15.236352,65.468
2.859105536000243,15.27552,65.812
2.8711345820001952,15.27552,65.375
2.8831530039997233,15.314688,65.625
2.895165986000393,15.314688,65.375
2.907269307000206,15.314688,65.625
2.9192196949998106,15.314688,65.406
2.9311997160002647,15.314688,65.531
2.943212217999644,15.314688,65.812
2.955246673000147,15.314688,65.5
2.967207237000366,15.314688,65.5
2.9796239750003224,15.27552,65.687
2.993087206000382,15.27552,65.281
3.006219644000339,15.314688,65.468
3.018350196999563,15.314688,65.843
3.0303386989999126,15.314688,65.812
3.0423615370000334,15.353856,65.375
3.054334325999662,15.353856,65.687
3.0663354669995897,15.353856,65.375
3.078282303999913,15.353856,65.5
3.0904264569999214,15.353856,65.937
3.102386958000352,15.353856,65.531
3.11432873800004,15.353856,65.812
3.1262806300001102,15.353856,65.468
3.139327848999528,15.314688,65.625
3.1527216710001085,15.314688,65.531
3.1659504310000557,15.314688,65.812
3.1782533409996176,15.314688,65.312
3.19035093399998,15.314688,65.75
3.2022983779997958,15.353856,65.343
3.214280799000335,15.353856,65.593
3.226292117000412,15.353856,65.375
3.238250952999806,15.353856,65.562
3.250255871000263,15.353856,65.906
3.262208914999974,15.393023999999999,65.406
3.2742518819995894,15.353856,65.75
3.2862636480003857,15.353856,65.375
3.2983549999999013,15.314688,65.468
3.3119258509996143,15.314688,65.593
3.3254047299997183,15.314688,65.375
3.3385280800002874,15.314688,65.656
3.350512613000319,15.314688,65.375
3.362480314000095,15.353856,65.625
3.374412461999782,15.353856,65.281
3.386625160999756,15.314688,65.375
3.398087888000191,15.27552,65.781
3.4102057680001963,15.27552,65.406
3.422246367000298,15.314688,65.75
3.434555838000051,15.314688,65.406
3.44674028099962,15.314688,65.593
3.4588063519995558,15.27552,65.687
3.4722233100001176,15.236352,65.312
3.4858676339999874,15.236352,65.812
3.4995441199998822,15.27552,65.406
3.5116464800003087,15.27552,65.593
3.5237965540000005,15.27552,65.312
3.5358495049995327,15.314688,65.468
3.5478671909995683,15.314688,65.281
3.559874220999518,15.314688,65.437
3.571846689999802,15.314688,65.75
3.5838443749998987,15.314688,65.375
3.5958402690002913,15.353856,65.656
3.607845859000008,15.314688,65.375
3.619812470999932,15.314688,65.5
3.6332738150003934,15.27552,65.437
3.6466561159995763,15.27552,65.718
3.6602052369999,15.27552,65.343
3.672273389000111,15.27552,65.562
3.684265154000059,15.314688,65.562
3.696430011999837,15.314688,65.187
3.7084581629997047,15.314688,65.5
3.7204305039995234,15.314688,65.687
3.7324141409999356,15.314688,65.562
3.744422994999695,15.353856,65.75
3.756418439999834,15.353856,65.437
3.7683876450000753,15.353856,65.625
3.780317488000037,15.314688,65.281
3.79372919799971,15.27552,65.75
3.807230702999732,15.27552,65.281
3.819554925000375,15.314688,65.5
3.831690023000192,15.314688,65.281
3.8436743960000967,15.314688,65.406
3.8556700339995587,15.353856,65.312
3.8676145660001566,15.353856,65.312
3.8796088270000837,15.353856,65.718
3.8916533299998264,15.353856,65.312
3.9036373830003868,15.353856,65.625
3.9156047959995703,15.353856,65.406
3.927608977000091,15.353856,65.625
3.93970993000039,15.353856,65.312
3.9521708610000132,15.27552,65.75
3.965472934999525,15.27552,65.312
3.978810978999718,15.314688,65.562
3.9916355039995324,15.236352,65.218
4.003280412000095,15.236352,65.406
4.015330451000409,15.236352,65.281
4.027332423999724,15.27552,65.625
4.039432001000023,15.27552,65.281
4.051604794999548,15.27552,65.562
4.06363281799986,15.27552,65.343
4.075618439000209,15.27552,65.562
4.087628541000413,15.314688,65.375
4.099626993999664,15.27552,65.5
4.111622088000331,15.27552,65.812
4.1249695079995945,15.236352,65.625
4.138299903000188,15.236352,65.281
4.151866336999774,15.236352,65.468
4.1640449879996595,15.236352,65.187
4.176090834999741,15.27552,65.437
4.18809360799969,15.27552,65.718
4.200090174000252,15.314688,65.375
4.212088850999862,15.314688,65.625
4.224080904999937,15.314688,65.343
4.236073758000202,15.314688,65.5
4.248100564000197,15.314688,65.437
4.260160556000301,15.314688,65.781
4.2721599050000805,15.314688,65.375
4.285189395999623,15.236352,65.687
4.298769783000353,15.27552,65.5
4.31216888400013,15.27552,65.25
4.3245237000001,15.27552,65.312
4.336670124999728,15.314688,65.75
4.348691684000187,15.314688,65.343
4.360719033999885,15.314688,65.562
4.3727111509997485,15.314688,65.281
4.384713317000205,15.314688,65.5
4.396708409999519,15.353856,65.281
4.408778961999815,15.353856,65.406
4.420788903999892,15.353856,65.75
4.432787517000179,15.314688,65.687
4.445650220000061,15.27552,65.312
4.45911479499955,15.27552,65.468
4.4723999730003925,15.27552,65.218
4.484598656000344,15.27552,65.718
4.496597749999637,15.314688,65.343
4.508556042000237,15.314688,65.625
4.5205904650001685,15.353856,65.25
4.532609975000014,15.353856,65.5
4.544599019999623,15.353856,65.281
4.556566432999716,15.353856,65.375
4.56853694900019,15.353856,65.75
4.580506506000347,15.353856,65.375
4.592628866999803,15.27552,65.5
4.603917155999625,15.236352,65.343
4.617176445999576,15.197184,65.531
4.630473815999721,15.236352,65.406
4.644004922000022,15.236352,65.656
4.6561082420003,15.236352,65.343
4.66809159100012,15.27552,65.593
4.680130013999587,15.27552,65.218
4.692233974000374,15.27552,65.468
4.704234027999519,15.27552,65.218
4.716242626000167,15.27552,65.437
4.728228310999839,15.314688,65.781
4.740309998999692,15.314688,65.437
4.752314628000022,15.314688,65.656
4.764321818000099,15.27552,65.531
4.777469329000269,15.236352,65.312
4.790676263999558,15.236352,65.375
4.804256010999779,15.27552,65.343
4.816837072999988,15.27552,65.5
4.8292646589998185,15.27552,65.187
4.84156161699957,15.314688,65.406
4.8538707030002115,15.314688,65.281
4.865367829999741,15.314688,65.437
4.877588690000266,15.314688,65.718
4.889926513999853,15.314688,65.343
4.902153645999533,15.353856,65.593
4.914354888999696,15.314688,65.562
4.926594212999589,15.314688,65.312
4.9395438620003915,15.27552,65.5
4.952411043999746,15.27552,65.687
4.965312147000077,15.314688,65.75
4.97746362900034,15.314688,65.281
4.98956640599954,15.314688,65.5
5.001567291000356,15.353856,65.25
5.013528591999602,15.353856,65.406
5.02555776600002,15.353856,65.156
5.037583676000395,15.353856,65.343
5.049586162000196,15.393023999999999,65.625
5.061572390999572,15.393023999999999,65.312
5.0735410199995385,15.393023999999999,65.562
5.085517905000415,15.353856,65.281
5.098295357000097,15.314688,65.437
5.11157640700003,15.314688,65.343
5.125140025000292,15.314688,65.562
5.137610202999895,15.314688,65.187
5.149668434999512,15.353856,65.468
5.161616647000301,15.353856,65.156
5.1736214680004196,15.353856,65.343
5.185616689999733,15.353856,65.656
5.1981603109998105,15.27552,65.593
5.210219118000168,15.27552,65.218
5.22221120300037,15.314688,65.562
5.234232410000004,15.314688,65.281
5.246240335000039,15.27552,65.437
5.258313319000081,15.236352,65.25
5.271744356999989,15.236352,65.656
5.285087905000182,15.236352,65.25
5.298596321000332,15.27552,65.468
5.310573941999792,15.27552,65.187
5.322609453000041,15.27552,65.437
5.334558304999518,15.314688,65.125
5.346550965999995,15.314688,65.281
5.359056346000216,15.314688,65.593
5.370562273999894,15.314688,65.281
5.3819586620002156,15.353856,65.531
5.394208226999581,15.353856,65.281
5.406412413999533,15.353856,65.406
5.418686234999768,15.314688,65.437
5.4317056139998385,15.27552,65.593
5.445462581000356,15.314688,65.562
5.458899379999821,15.314688,65.281
5.470916330000364,15.314688,65.343
5.4829861770003845,15.353856,65.187
5.495025975999852,15.353856,65.312
5.507003468999756,15.353856,65.625
5.518964288999996,15.353856,65.343
5.5309892400000535,15.353856,65.437
5.543000141999983,15.353856,65.281
5.555000547000418,15.393023999999999,65.468
5.5669748720001735,15.353856,65.281
5.578983630000039,15.353856,65.718
5.5923818029996255,15.314688,65.281
5.605910219999714,15.314688,65.531
5.61868008700003,15.314688,65.187
5.630815569000333,15.353856,65.312
5.6428661199997805,15.353856,65.062
5.654897886000072,15.393023999999999,65.343
5.6669001159998516,15.393023999999999,65.5
5.678917897999781,15.393023999999999,65.437
5.690946495999924,15.393023999999999,65.218
5.702969173999918,15.393023999999999,65.375
5.7149689719999515,15.393023999999999,65.281
5.726967264999985,15.393023999999999,65.406
5.739055514000029,15.393023999999999,65.5
5.7522327209999276,15.314688,65.343
5.765521995000199,15.314688,65.156
5.778899144000206,15.353856,65.281
5.791024768999705,15.27552,65.062
5.803268636999746,15.27552,65.312
5.815276370999527,15.27552,65.5
5.827297544999965,15.27552,65.187
5.839460547000272,15.314688,65.531
5.851457720999861,15.27552,65.218
5.863467789999959,15.314688,65.375
5.875546309999663,15.314688,65.187
5.887568060000376,15.314688,65.656
5.899595699000201,15.314688,65.531
5.9116510499998185,15.27552,65.593
5.924799999999777,15.236352,65.281
5.936775700999533,15.27552,65.312
5.950060590999783,15.27552,65.062
5.962055459999647,15.27552,65.281
5.974015896999845,15.314688,65.593
5.986007341999539,15.314688,65.218
5.997986338999908,15.314688,65.468
6.0099589040000865,15.314688,65.437
6.021931309000138,15.314688,65.156
6.033894240999871,15.353856,65.375
6.045975480999914,15.353856,65.656
6.05795051000041,15.314688,65.281
6.069918977999805,15.314688,65.531
6.083061719999932,15.27552,65.218
6.096146220999799,15.27552,65.125
6.109710062999511,15.314688,65.281
6.121728836999864,15.314688,65.562
6.1337180419996,15.353856,65.25
6.145694863000244,15.353856,65.468
6.157645379000314,15.393023999999999,65.156
6.169591863000278,15.393023999999999,65.375
6.181559755999842,15.353856,65.156
6.193566656999792,15.393023999999999,65.281
6.2055334619999485,15.393023999999999,65.593
6.217531434999728,15.393023999999999,65.281
6.2295206400003735,15.353856,65.406
6.243121540000175,15.314688,65.468
6.256524417000037,15.314688,65.093
6.2698534040000595,15.314688,65.656
6.28223487699961,15.314688,65.187
6.294258771000386,15.353856,65.531
6.306208615000287,15.353856,65.125
6.318204635999791,15.353856,65.312
6.330172848999609,15.353856,65.187
6.342174182000235,15.353856,65.312
6.354175227999804,15.393023999999999,65.625
6.366141489000256,15.393023999999999,65.281
6.378299723000055,15.393023999999999,65.531
6.390340001000368,15.314688,65.125
6.403017546000228,15.236352,65.125
6.416735152000001,15.236352,65.281
6.429942024000411,15.236352,65.531
6.442688883000301,15.236352,65.25
6.454789227000219,15.27552,65.375
6.4667864330003795,15.27552,65.093
6.478790518000096,15.314688,65.281
6.490815309000027,15.314688,65.25
6.502981030999763,15.314688,65.562
6.515250116000061,15.314688,65.281
6.527439198999673,15.314688,65.531
6.539622682000299,15.314688,65.187
6.551714545999857,15.314688,65.406
6.56384461899961,15.314688,65.187
6.577258440999685,15.27552,65.031
6.590688678999868,15.27552,65.187
6.604213831999914,15.27552,65.5
6.6162453739998455,15.314688,65.062
6.628299476999928,15.314688,65.406
6.640360108000095,15.314688,65.031
6.652325889000167,15.353856,65.281
6.66432302999965,15.314688,65.218
6.676325163999536,15.314688,65.531
6.688530823000292,15.353856,65.25
6.70055532599963,15.353856,65.437
6.71255307499996,15.353856,65.125
6.724588809999659,15.314688,65.312
6.7380631449996145,15.27552,65.218
6.751366468000015,15.27552,65.531
6.764654397999948,15.314688,65.093
6.776885274000051,15.314688,65.312
6.788944464999986,15.314688,65.093
6.801162572999601,15.353856,65.218
6.81332698299957,15.353856,65.031
6.8253377889996045,15.353856,65.156
6.83732837000025,15.353856,65.5
6.849513197000306,15.353856,65.375
6.861554307000006,15.353856,65.218
6.873563385000125,15.353856,65.312
6.885595791999549,15.353856,65.187
6.898983692999536,15.27552,65.218
6.9123860259996945,15.314688,65.218
6.925461566000195,15.314688,65.343
6.937683258000106,15.314688,65.031
6.949940022999726,15.314688,65.312
6.961940428000162,15.353856,65.031
6.973887807999745,15.353856,65.187
6.985937270999784,15.353856,65.468
6.9975137609999365,15.27552,65.093
7.009294511999542,15.27552,65.343
7.0213256699998965,15.27552,65.093
7.033657541000139,15.27552,65.343
7.045759294000163,15.27552,65.062
7.05777563599986,15.236352,65.531
7.071136976000162,15.236352,65.187
7.084465451000142,15.236352,65.343
7.097704036000323,15.236352,65.25
7.109695705000377,15.27552,65.031
7.121671246000005,15.27552,65.156
7.133621218000371,15.314688,65.437
7.145649592000154,15.314688,65.093
7.157643405000272,15.314688,65.312
7.169645986999967,15.314688,65.093
7.181640216000233,15.314688,65.281
7.193651501999739,15.314688,65.125
7.205636802999834,15.314688,65.25
7.2177030029997695,15.27552,65.593
7.230953844000396,15.27552,65.406
7.244241614000202,15.27552,65.093
7.257815343999937,15.27552,65.281
7.269764996000049,15.314688,65.062
7.281750361000377,15.314688,65.187
7.293721613999878,15.314688,65.406
7.305647488999966,15.314688,65.093
7.317652855000233,15.314688,65.375
7.329615083000135,15.314688,65.125
7.3416002240001035,15.353856,65.25
7.353621749999547,15.353856,65.156
7.365638764000323,15.353856,65.593
7.377597120000246,15.314688,65.281
7.390927708000163,15.27552,65.437
7.403842794999946,15.314688,65.281
7.417281097999876,15.314688,64.968
7.429316992000167,15.314688,65.187
7.441353815000184,15.314688,65.531
7.453337771999941,15.353856,65.093
7.465338752999742,15.353856,65.281
7.4773386790002405,15.353856,65.093
7.489421614999628,15.353856,65.281
7.501419299999725,15.353856,65.093
7.513416345000223,15.353856,65.187
7.525399117999768,15.353856,65.531
7.537378211000032,15.314688,65.156
7.550901827999951,15.27552,65.031
7.563747506000254,15.27552,65.187
7.577152591000413,15.314688,64.937
7.589483982000274,15.314688,65.156
7.600993492999805,15.236352,65.468
7.613095181999597,15.27552,65.125
7.6252473360000295,15.27552,65.281
7.6372598050002125,15.27552,65.062
7.649392342999818,15.27552,65.281
7.661366090999763,15.27552,65.218
7.673336447999645,15.314688,65.5
7.685319348999656,15.314688,65.25
7.697313673999815,15.314688,65.312
7.70938099399973,15.236352,65.218
7.722901506000198,15.236352,65.281
7.736198780999985,15.236352,65.093
7.749419124999804,15.27552,65.531
7.7614190499998585,15.27552,65.156
7.773443361000318,15.314688,65.406
7.785573369999838,15.314688,65.0
7.797599120000086,15.314688,65.25
7.809531332000006,15.314688,65.031
7.82149314399976,15.314688,65.281
7.833486860999983,15.353856,65.5
7.845484546999614,15.353856,65.218
7.8574680239999,15.353856,65.375
7.869474860999617,15.314688,65.468
7.882731206999779,15.27552,65.125
7.8961627890003,15.27552,65.093
7.909733735000373,15.314688,65.343
7.921709948000171,15.314688,65.375
7.933664879999924,15.314688,65.031
7.945615044000078,15.353856,65.187
7.957586937000087,15.353856,64.968
7.969569390000288,15.353856,65.125
7.9815621469997495,15.353856,65.562
7.993558615999973,15.353856,65.187
8.005556142000387,15.353856,65.437
8.017547426999954,15.353856,65.156
8.029526776000239,15.353856,65.281
8.04282427399994,15.314688,65.031
8.054958923000413,15.314688,65.468
8.068755827999667,15.314688,65.062
8.080934382999658,15.314688,65.343
8.092989701999613,15.353856,65.093
8.104972410999835,15.353856,65.281
8.116969679999784,15.353856,65.0
8.128957412999625,15.353856,65.281
8.1410090520003,15.353856,65.468
8.153013520999593,15.353856,65.156
8.164994693999688,15.353856,65.406
8.176976763000312,15.353856,65.0
8.188954543999898,15.353856,65.281
8.200316530999771,15.236352,65.062
8.212551824000002,15.236352,65.5
8.225772296000287,15.236352,65.062
8.239010751999558,15.27552,65.375
8.251051799000379,15.27552,65.0
8.26302007599952,15.314688,65.187
8.275011329000336,15.314688,65.0
8.287004982000326,15.314688,65.156
8.299011084000085,15.314688,65.375
8.310992671999884,15.314688,65.218
8.32296565300021,15.314688,65.312
8.334967306999715,15.314688,65.062
8.346965824000108,15.353856,65.281
8.358969973999592,15.314688,65.281
8.372640954999952,15.27552,65.437
8.385966806000397,15.27552,65.312
8.39950651900017,15.314688,65.031
8.41153367700008,15.314688,65.187
8.423691814999984,15.314688,65.0
8.435736350000298,15.353856,65.187
8.447730546999992,15.353856,65.375
8.459693224000148,15.353856,65.093
8.471667867999713,15.353856,65.406
8.483675346000382,15.353856,65.0
8.495694535999974,15.353856,65.281
8.507661755999834,15.353856,65.0
8.519663633999699,15.353856,65.593
8.532807528000376,15.27552,65.125
8.546092865999526,15.314688,65.25
8.559252727999592,15.314688,64.937
8.571669209999527,15.314688,64.937
8.584029401000407,15.353856,65.125
8.596059728,15.353856,64.812
8.608069572999739,15.353856,65.093
8.620066778999899,15.353856,65.312
8.632213812000373,15.353856,65.062
8.644320684999911,15.393023999999999,65.25
8.656326721999903,15.393023999999999,65.031
8.668296183000166,15.353856,65.187
8.68027869999969,15.353856,65.468
8.693845581999994,15.314688,65.343
8.707052550000299,15.314688,64.937
8.720180794999578,15.314688,65.187
8.732210801999827,15.314688,64.875
8.744238567999673,15.353856,65.093
8.756207899999936,15.353856,65.437
8.768188273000305,15.353856,65.093
8.780196486999557,15.393023999999999,65.281
8.792238781000378,15.393023999999999,65.062
8.803748293000353,15.314688,65.125
8.815794971999821,15.314688,64.937
8.827790321000066,15.314688,65.218
8.83998311599953,15.314688,65.062
8.85197609700026,15.27552,65.468
8.865721447999931,15.236352,65.0
8.87876345099994,15.27552,64.906
8.892170457000248,15.27552,65.187
8.904274000999976,15.27552,64.937
8.916270503000305,15.314688,65.031
8.928276955999536,15.314688,65.281
8.940364019999834,15.314688,65.031
8.952322791999904,15.314688,65.25
8.964312158000212,15.314688,64.968
8.976302387000032,15.314688,65.156
8.988318249000258,15.314688,65.5
9.000303742000142,15.314688,65.062
9.012360853000246,15.314688,65.093
9.025809458999902,15.27552,65.25
9.039151150999714,15.27552,64.937
9.051867256999685,15.314688,65.125
9.063974544999837,15.314688,64.812
9.076020808000067,15.314688,65.093
9.08802630199989,15.353856,65.25
9.100042674999713,15.353856,65.218
9.112127499000053,15.314688,65.031
9.12430022999979,15.353856,65.187
9.136413725999773,15.353856,64.906
9.14858575299968,15.353856,65.125
9.160537548999855,15.353856,65.406
9.172582371000317,15.314688,65.062
9.18607325100038,15.27552,65.281
9.198427043000265,15.314688,65.125
9.211559415999545,15.314688,64.781
9.223778227999901,15.314688,64.968
9.235760360999848,15.314688,65.281
9.24777612700018,15.353856,64.968
9.2597793799996,15.353856,65.281
9.271772168999632,15.353856,64.937
9.283745277999515,15.353856,65.125
9.295758932000354,15.353856,64.968
9.307734215999517,15.393023999999999,65.093
9.319736733999889,15.353856,65.343
9.331737810999584,15.353856,65.281
9.344881128999987,15.314688,64.937
9.358436587000142,15.314688,65.093
9.371661410999877,15.314688,65.0
9.383977346000393,15.314688,65.312
9.395973398999558,15.314688,65.281
9.407716773000175,15.314688,64.906
9.419021095000062,15.27552,65.156
9.431133502999728,15.314688,65.093
9.44318734999979,15.27552,64.906
9.455380624999634,15.314688,65.062
9.467423432000032,15.314688,65.375
9.479414524999811,15.314688,65.031
9.491443122999954,15.314688,65.281
9.50343600799988,15.27552,65.031
9.516983626000183,15.236352,64.906
9.530307332999655,15.27552,65.031
9.54378074000033,15.27552,65.25
9.555785305999962,15.27552,64.875
9.56778990299972,15.314688,65.218
9.579774531999647,15.314688,64.875
9.591788890000316,15.314688,65.031
9.60379700700014,15.314688,64.906
9.615775428000234,15.314688,65.0
9.627757145000032,15.353856,65.375
9.639831344999948,15.353856,65.343
9.651807268999619,15.353856,65.281
9.663781434000157,15.314688,65.218
9.677013491000253,15.27552,64.937
9.689333041000282,15.314688,64.937
9.702373924000312,15.314688,65.281
9.714503901000171,15.314688,64.937
9.726462224999523,15.314688,65.125
9.738485830999707,15.353856,65.156
9.750451388000329,15.353856,64.875
9.762451569000405,15.353856,65.0
9.774478663000082,15.353856,65.343
9.786444508000386,15.353856,65.0
9.798395535999589,15.393023999999999,65.218
9.810390437000024,15.353856,64.968
9.822351576999608,15.353856,65.125
9.835693365000225,15.314688,64.875
9.848954830000366,15.314688,65.281
9.86213648499961,15.314688,64.906
9.874505445000068,15.314688,65.125
9.886521755000103,15.314688,64.843
9.898500592000346,15.353856,65.062
9.910476005000419,15.353856,64.843
9.922409847999916,15.353856,65.062
9.934388781000052,15.353856,65.312
9.946347457000229,15.393023999999999,65.0
9.958309814000131,15.393023999999999,65.218
9.970247880999523,15.393023999999999,64.968
9.98224732699964,15.353856,65.125
9.994958055999632,15.314688,65.0
10.007925816999887,15.236352,65.25
10.020122867999817,15.236352,64.937
10.033191016000274,15.27552,65.125
10.045219646000078,15.27552,64.812
10.057233556000028,15.27552,65.156
10.069225481000103,15.314688,64.75
10.081236158999673,15.314688,65.281
10.093357304000165,15.314688,64.968
10.105331116000343,15.314688,65.187
10.117323808999572,15.314688,64.937
10.129312406000281,15.314688,65.156
10.141319532000125,15.314688,64.875
10.15329657700022,15.314688,65.125
10.166605178999816,15.236352,65.281
10.18021148600019,15.27552,65.156
10.1936874539997,15.27552,64.843
10.206074429999717,15.27552,65.062
10.21812261299965,15.314688,64.843
10.230319727999813,15.314688,64.968
10.24231603699991,15.314688,65.218
10.254269144999853,15.314688,64.906
10.266232046000368,15.314688,65.156
10.278199426000356,15.353856,64.875
10.290274521000356,15.353856,65.125
10.30227867099984,15.314688,65.062
10.314231170999847,15.314688,65.312
10.327486395999586,15.27552,65.0
10.341078174999893,15.27552,64.843
10.354407161999916,15.27552,65.093
10.366585587999907,15.27552,64.781
10.378557193000233,15.314688,65.0
10.390520285000093,15.314688,65.281
10.40249624199987,15.314688,64.843
10.414445669999623,15.314688,65.187
10.426381305000177,15.314688,64.781
10.43839137499981,15.353856,65.093
10.450341122999816,15.353856,64.875
10.46231311199972,15.353856,65.125
10.474333549999756,15.314688,65.25
10.48739808099981,15.27552,65.25
10.500774461999754,15.27552,64.843
10.514037111000107,15.27552,65.031
10.526434391999828,15.27552,64.718
10.538473294000141,15.314688,65.343
10.550452642999517,15.314688,65.281
10.562422615000287,15.353856,65.187
10.574373131000357,15.353856,64.875
10.586347360000218,15.314688,65.062
10.59827425900039,15.314688,64.812
10.609873596999932,15.27552,64.937
10.621312162999857,15.27552,65.281
10.633346136999535,15.27552,64.906
10.645375054999931,15.236352,65.187
10.658609543999773,15.197184,64.875
10.671326609999596,15.236352,65.031
10.684847090000403,15.236352,64.968
10.69700391599963,15.236352,65.25
10.70900214500034,15.27552,64.906
10.720994518000225,15.27552,65.093
10.732967723000002,15.27552,64.843
10.744961375999992,15.27552,65.093
10.75694878899958,15.314688,64.843
10.768921930000033,15.314688,65.0
10.780889822000063,15.314688,65.406
10.793028951999986,15.314688,65.0
10.805027340999914,15.27552,65.125
10.818536908999704,15.236352,65.093
10.83219339399966,15.236352,64.812
10.845295879000332,15.27552,64.937
10.85747308899954,15.27552,65.218
10.869452597999953,15.27552,65.125
10.88147671600018,15.314688,65.093
10.893490753999686,15.314688,65.156
10.905487830999846,15.314688,64.812
10.917463468000278,15.314688,64.875
10.929439552000076,15.314688,65.281
10.941423381000277,15.314688,64.937
10.95342794699991,15.314688,65.25
10.965428767999583,15.314688,64.843
10.978503796000041,15.27552,65.125
10.991705579999689,15.27552,64.937
11.005014917999688,15.27552,65.281
11.017384165999829,15.27552,64.75
11.029419899999994,15.314688,65.125
11.041442321999966,15.314688,64.843
11.053453192000234,15.314688,64.968
11.065422652999587,15.353856,64.812
11.07742779399996,15.353856,64.906
11.089525993999814,15.353856,65.281
11.101530527999785,15.353856,64.906
11.113514644999668,15.353856,65.218
11.125490248999995,15.314688,64.875
11.137785062999683,15.27552,64.906
11.151373065999906,15.27552,64.937
11.164594273999683,15.314688,64.875
11.177729046999957,15.314688,65.125
11.189807951000148,15.314688,64.812
11.201776322999649,15.314688,64.937
11.21393302100023,15.27552,64.75
11.225874064999516,15.27552,64.875
11.237862150000183,15.27552,65.218
11.249873947000196,15.27552,64.875
11.261881616999744,15.27552,65.062
11.273855206000007,15.27552,64.843
11.285804856999675,15.27552,64.968
11.297852048000095,15.27552,65.031
11.311446099000023,15.236352,64.812
11.324918706000062,15.236352,64.937
11.338359888000014,15.236352,65.187
11.350344900999517,15.27552,64.781
11.362302552999608,15.27552,65.031
11.374262285999976,15.27552,64.906
11.386224482000216,15.314688,64.781
11.39822783099953,15.314688,64.937
11.410202828000365,15.314688,65.218
11.42218608100029,15.314688,64.843
11.434170741999878,15.314688,65.125
11.44615389899991,15.314688,64.781
11.458130175000406,15.314688,65.031
11.4706684519997,15.27552,65.343
11.483875132000321,15.27552,65.156
11.49782739999955,15.27552,64.812
11.509494003999862,15.314688,65.062
11.52176126500035,15.314688,64.781
11.533983532999628,15.353856,64.906
11.546289259000332,15.353856,64.75
11.558585736999703,15.353856,64.843
11.57084141300038,15.353856,65.156
11.5831239070003,15.353856,65.093
11.595426433000284,15.353856,64.781
11.607662141000219,15.353856,65.0
11.62023491400032,15.353856,64.843
11.632896361999883,15.314688,65.281
11.646280711000145,15.314688,64.781
11.659763910999573,15.314688,65.062
11.671880607000276,15.314688,64.656
11.68385352400037,15.314688,64.937
11.695854409000276,15.353856,64.718
11.707870111000375,15.353856,64.843
11.71987816500041,15.353856,65.187
11.731896043000233,15.353856,64.781
11.74387164699965,15.353856,65.093
11.755860819999725,15.353856,64.781
11.767849609000223,15.353856,65.031
11.780048579999857,15.353856,64.968
11.793166233000193,15.314688,65.25
11.806374288999905,15.236352,64.75
11.819237087000147,15.236352,64.718
11.831791908000014,15.27552,64.937
11.843806521999795,15.27552,64.781
11.855794158999743,15.314688,64.781
11.867795172000115,15.314688,65.187
11.879805401999874,15.314688,64.812
11.891849456000273,15.314688,65.031
11.90383731699967,15.314688,64.781
11.915835515000254,15.314688,64.937
11.92783022399999,15.314688,64.875
11.93993130400031,15.314688,64.906
11.951979487000244,15.314688,65.187
11.965537760000188,15.27552,65.031
11.979108993999944,15.27552,64.75
11.992566625000109,15.314688,64.906
12.004581815000165,15.314688,64.937
12.01663415799976,15.314688,65.125
12.02859494600034,15.353856,64.781
12.04071535499952,15.353856,65.093
12.052698223999869,15.353856,64.781
12.064669540000068,15.353856,65.0
12.076657304999571,15.353856,64.687
12.08864084600009,15.353856,64.937
12.100641027000165,15.353856,65.187
12.112632184000176,15.353856,64.875
12.126068663000297,15.27552,64.843
12.139373617000274,15.314688,64.968
12.152585257000283,15.314688,64.687
12.164594781999767,15.314688,64.906
12.17656792300022,15.353856,65.156
12.188931763000255,15.353856,64.812
12.200989674000084,15.353856,65.125
12.213025119999656,15.353856,64.75
12.225149208999937,15.353856,64.968
12.237191215000166,15.393023999999999,64.906
12.249210596999546,15.393023999999999,65.281
12.261241371000324,15.353856,64.937
12.273247920999893,15.353856,65.093
12.286455399999795,15.314688,64.812
12.300019274000078,15.314688,64.656
12.313391814999704,15.314688,64.781
12.325409627999761,15.314688,65.187
12.337399025000195,15.353856,64.843
12.34939046999989,15.353856,65.062
12.361401019999903,15.393023999999999,64.687
12.373402641000212,15.393023999999999,64.937
12.38538227800018,15.353856,64.781
12.39736402699964,15.393023999999999,64.906
12.408672347999527,15.314688,65.125
12.42072945899963,15.314688,64.812
12.432742697000322,15.314688,65.031
12.44487654600016,15.27552,64.812
12.458190428999842,15.236352,64.781
12.471350034999887,15.27552,64.812
12.48473144000036,15.27552,65.187
12.496797126999809,15.27552,64.718
12.508806044999801,15.314688,65.093
12.5210521529998,15.314688,64.906
12.533197841999936,15.314688,64.687
12.545223592000184,15.314688,64.843
12.557259518999672,15.353856,65.218
12.569285204999687,15.353856,64.875
12.581289130000187,15.353856,65.093
12.593314368000392,15.353856,64.781
12.605330549999962,15.314688,65.031
12.618876663000265,15.27552,64.906
12.63216328099952,15.27552,64.718
12.644753366999794,15.314688,64.781
12.656824558000153,15.314688,64.968
12.6688905660003,15.353856,64.687
12.68094828500034,15.353856,64.906
12.692981778999638,15.353856,64.718
12.704992424000011,15.353856,64.875
12.717020926999794,15.353856,65.156
12.729017972000293,15.353856,64.843
12.741041993999715,15.353856,65.093
12.753027615000065,15.353856,64.75
12.765017779999653,15.314688,64.781
12.77871935300027,15.27552,64.937
12.792179991999546,15.314688,64.781
12.805536500000017,15.314688,64.937
12.81759978700029,15.314688,64.718
12.829610304999733,15.314688,64.937
12.841653014999793,15.353856,64.687
12.853616716000033,15.353856,64.875
12.865611616999558,15.353856,64.718
12.877609846000269,15.353856,64.781
12.889712461999807,15.353856,65.031
12.90173328400033,15.353856,64.781
12.913658550999571,15.353856,64.968
12.925641036000343,15.353856,64.781
12.938890596999954,15.27552,64.656
12.952233121000063,15.27552,64.781
12.96548383299978,15.314688,65.0
12.977660116000152,15.314688,64.781
12.989734570999644,15.314688,64.906
13.001857731999735,15.353856,64.593
13.013481646999935,15.27552,64.812
13.025515620999613,15.27552,65.062
13.037562651999906,15.236352,65.062
13.049776758999542,15.27552,64.781
13.061716682999759,15.27552,64.968
13.073648286000207,15.27552,64.718
13.085652146999564,15.27552,64.875
13.097831662000317,15.236352,64.781
13.111297036999531,15.197184,65.093
13.124753674999738,15.236352,64.718
13.138362157999836,15.236352,64.968
13.15035542700025,15.27552,64.625
13.162329144000068,15.27552,64.875
13.174294059999738,15.27552,64.656
13.186243168000146,15.314688,64.781
13.198260821999611,15.27552,65.062
13.21026977099973,15.314688,64.687
13.222243807999803,15.314688,65.031
13.234223925000151,15.314688,64.718
13.246204232999844,15.314688,64.875
13.258210590999624,15.27552,64.937
13.271527961000174,15.236352,65.062
13.285089723000056,15.27552,65.0
13.298495736000405,15.27552,64.656
13.310490382000353,15.27552,64.843
13.322535364000032,15.314688,64.593
13.334504409000147,15.314688,64.781
13.346462477000387,15.314688,64.968
13.358440193000206,15.314688,64.687
13.370379893000063,15.314688,64.968
13.382385097999759,15.314688,64.781
13.394353790999958,15.353856,64.906
13.406309779000367,15.314688,64.656
13.418243686000096,15.314688,65.125
13.431800680000379,15.27552,64.75
13.445224645000053,15.27552,64.906
13.45755021199966,15.27552,64.625
13.469654747999812,15.314688,64.812
13.481619023999883,15.314688,64.593
13.493615749999663,15.353856,64.781
13.50560392999978,15.353856,65.062
13.517571503,15.353856,64.718
13.529568259999905,15.353856,64.968
13.541675739999846,15.353856,64.843
13.553946840999743,15.353856,64.656
13.566101043000344,15.353856,64.781
13.578188843000135,15.353856,65.031
13.591588839999531,15.314688,64.781
13.604723069000102,15.27552,64.562
13.61755956199977,15.236352,64.781
13.629501278000134,15.236352,64.562
13.641529108000213,15.236352,64.781
13.653619531999539,15.27552,65.031
13.665696611000385,15.27552,64.718
13.677642966999883,15.314688,64.937
13.689742542999738,15.314688,64.656
13.701713284000107,15.314688,64.906
13.713696664999588,15.314688,64.562
13.725691470000129,15.314688,64.812
13.738150479999604,15.314688,65.062
13.750464910000119,15.27552,65.093
13.763670246000402,15.27552,64.718
13.776669814999877,15.27552,64.875
13.790371965000304,15.314688,64.781
13.80266604299959,15.314688,65.062
13.814964729000167,15.314688,64.625
13.827225013000316,15.353856,65.031
13.839777850000246,15.353856,64.625
13.852164154000093,15.353856,64.906
13.864440151999588,15.353856,64.593
13.876871000999927,15.353856,65.187
13.889020915000401,15.353856,64.812
13.901068713000313,15.353856,64.968
13.913062302000071,15.314688,64.781
13.926868679000108,15.27552,64.906
13.939624401999936,15.314688,64.875
13.952712741999676,15.314688,65.125
13.964740028000051,15.314688,64.718
13.976755921999938,15.353856,64.937
13.988933708000332,15.353856,64.625
14.000932289000048,15.353856,64.937
14.012961622999683,15.353856,64.718
14.024970925000162,15.353856,64.843
14.037036675999843,15.353856,65.156
14.04903800899956,15.353856,64.812
14.061043151000376,15.353856,65.031
14.073066660999757,15.353856,65.0
14.08672432900039,15.314688,64.625
14.099873694999587,15.314688,64.781
14.11363706300017,15.314688,64.687
14.125651164000374,15.314688,65.0
14.137639376999687,15.353856,64.593
14.149654886999997,15.353856,64.906
14.161672317000011,15.353856,64.562
14.173643217000063,15.353856,64.781
14.185650405999695,15.353856,64.625
14.197643610999876,15.393023999999999,64.843
14.209978681999928,15.314688,65.0
14.222134867999557,15.314688,64.687
14.234151018000375,15.27552,64.843
14.246392134000416,15.236352,64.875
14.259719233000396,15.236352,64.5
14.272243557000365,15.27552,64.687
14.285469469000418,15.27552,64.875
14.297489970999777,15.27552,64.625
14.309483848000127,15.314688,64.843
14.321489533000204,15.314688,64.656
14.333459729999959,15.314688,64.781
14.345447206000244,15.314688,65.187
14.357459068000026,15.314688,64.687
14.369454513000164,15.314688,64.875
14.38143706200026,15.314688,64.937
14.393432666999615,15.314688,64.593
14.405432079999628,15.27552,64.781
14.41898837000008,15.236352,64.625
14.432446384000286,15.27552,65.0
14.445539205000387,15.27552,64.687
14.457585146999918,15.27552,64.812
14.469564367999737,15.314688,64.468
14.48153347599964,15.314688,64.75
14.493543450000288,15.314688,64.531
14.505648338000356,15.314688,64.718
14.517642630999944,15.314688,65.062
14.529609723000249,15.353856,64.656
14.541668849999951,15.353856,64.906
14.553790762999597,15.314688,64.593
14.565892450999854,15.314688,64.875
14.57873464000022,15.27552,64.781
14.592517623999811,15.314688,64.937
14.605894868999712,15.314688,64.812
14.61790218599981,15.314688,64.812
14.629898430999674,15.353856,64.781
14.641899348999686,15.353856,64.593
14.65392167400023,15.353856,64.75
14.665895838999859,15.353856,65.031
14.67813673099954,15.353856,64.718
14.69041064799967,15.353856,64.875
14.702429646000382,15.353856,64.687
14.714393250000285,15.353856,64.781
14.726376599000105,15.314688,64.687
14.73996818500018,15.314688,64.968
14.753400822999538,15.314688,64.562
14.765412364999975,15.314688,64.906
14.777443330999631,15.314688,64.562
14.789585628000168,15.353856,64.812
14.801568945000326,15.353856,64.468
14.813421410000046,15.314688,64.687
14.825645758000064,15.314688,64.906
14.837680083999658,15.314688,64.531
14.850332252000044,15.314688,64.593
14.862602297000194,15.314688,64.75
14.874822195999513,15.314688,64.531
14.8871069300003,15.314688,64.75
14.900066145999517,15.236352,64.656
14.914389913000377,15.27552,64.843
14.928958167999554,15.27552,64.781
14.941680992999864,15.27552,64.437
14.953939166000055,15.314688,64.781
14.966207163000036,15.314688,65.031
14.978422870000031,15.314688,64.562
14.990757812999618,15.353856,64.875
15.003016722000211,15.314688,64.593
15.015242028999637,15.353856,64.781
15.027477992999593,15.353856,64.718
15.039882537999802,15.353856,65.062
15.052123845999631,15.314688,64.781
15.065475458000037,15.27552,64.968
15.079716182999618,15.314688,64.875
15.094058605999635,15.314688,64.531
15.106463727000119,15.353856,64.468
15.11891444899993,15.353856,64.656
15.131174125999678,15.353856,64.937
15.143461194999873,15.353856,64.562
15.155691142999785,15.353856,64.843
15.167910754000332,15.353856,64.5
15.180182846999742,15.353856,64.781
15.192444475999764,15.393023999999999,64.562
15.204659703000289,15.353856,64.718
15.216880115000095,15.353856,64.75
15.230982883999786,15.314688,64.625
15.245245465000153,15.314688,64.781
15.259578608999618,15.353856,64.562
15.271918608000306,15.353856,65.0
15.284153132000029,15.393023999999999,64.625
15.296420040000157,15.393023999999999,64.843
15.308680932999778,15.393023999999999,64.531
15.320981986999868,15.393023999999999,64.875
15.33322700699955,15.393023999999999,64.5
15.345492059999742,15.393023999999999,64.781
15.357720087000416,15.393023999999999,65.093
15.369922097999734,15.393023999999999,64.656
15.38219822300016,15.353856,64.656
15.39646832499966,15.314688,64.593
15.410895263000384,15.314688,64.75
15.4246833039997,15.27552,64.406
15.437023366000176,15.314688,64.593
15.44929142700039,15.314688,64.906
15.461506495000322,15.314688,64.781
15.47372636199998,15.314688,64.468
15.485920340999655,15.314688,64.75
15.4982374909996,15.314688,64.437
15.510504496000067,15.353856,64.656
15.522750027999791,15.353856,64.968
15.534995592000087,15.353856,64.593
15.547271620999709,15.314688,64.656
15.56118644900016,15.27552,64.781
15.575769039000079,15.314688,64.625
15.58987465700011,15.314688,64.906
15.602225055999952,15.353856,64.593
15.61446517999957,15.353856,64.875
15.626667479000389,15.353856,64.75
15.639015189999554,15.393023999999999,64.531
15.651243346000228,15.353856,64.687
15.663515629999893,15.393023999999999,65.031
15.675752170000123,15.393023999999999,64.593
15.687964486000055,15.393023999999999,64.937
15.700209634000203,15.353856,64.593
15.712907627000277,15.314688,64.468
15.726830870999947,15.314688,64.687
15.741256465000333,15.353856,64.718
15.754439143999662,15.353856,64.937
15.766675459999533,15.353856,64.593
15.778959905000193,15.393023999999999,64.781
15.791256479000367,15.393023999999999,64.468
15.803513019000093,15.393023999999999,64.687
15.815782487999968,15.393023999999999,64.718
15.828064180999718,15.393023999999999,64.937
15.840396788000362,15.393023999999999,64.687
15.852652624000257,15.393023999999999,64.875
15.8649247809999,15.393023999999999,64.562
15.87838071599981,15.353856,64.5
15.892714691999572,15.353856,64.625
15.90688200600016,15.353856,64.562
15.919231861999833,15.353856,64.781
15.93145768100021,15.393023999999999,64.468
15.943684877000123,15.393023999999999,64.718
15.955901160000394,15.393023999999999,64.343
15.968102370999986,15.393023999999999,64.656
15.980354590999923,15.393023999999999,64.968
15.992612027999712,15.393023999999999,64.625
16.004851128000155,15.393023999999999,64.812
16.017151670000203,15.353856,64.687
16.029383410000264,15.314688,64.406
16.042203357999824,15.27552,64.656
16.057104710000203,15.27552,64.531
16.07123631200011,15.314688,64.843
16.084023843000068,15.314688,64.781
16.096320288999777,15.314688,64.531
16.108571132999714,15.353856,64.718
16.12083698599963,15.353856,64.406
16.133078613999714,15.353856,64.625
16.145344722999653,15.353856,64.812
16.157570221999777,15.393023999999999,64.531
16.169849195000097,15.393023999999999,64.781
16.18205821399988,15.353856,64.531
16.194280642000194,15.353856,64.531
16.207553946999724,15.314688,64.687
16.221967348999897,15.314688,64.531
16.23647419400004,15.353856,64.781
16.24881188800009,15.353856,64.468
16.26109300600001,15.353856,64.718
16.273319689000346,15.353856,64.562
16.285545380999793,15.393023999999999,64.968
16.29782358600005,15.353856,64.625
16.310060062000048,15.393023999999999,64.875
16.32224946400038,15.393023999999999,64.562
16.334481715999573,15.393023999999999,64.781
16.346714608000184,15.393023999999999,64.5
16.35905643099977,15.353856,65.062
16.37286271100038,15.314688,64.625
16.387332626999523,15.353856,64.531
16.401072792999912,15.353856,64.718
16.41339218400026,15.353856,64.5
16.425595955000063,15.393023999999999,64.687
16.437852815000042,15.393023999999999,64.375
16.450100330999703,15.393023999999999,64.562
16.462308006000058,15.393023999999999,64.531
16.474511393000284,15.432191999999999,64.75
16.486740156999986,15.432191999999999,64.531
16.49899618499967,15.432191999999999,64.781
16.51122126900009,15.393023999999999,64.437
16.523502609999923,15.353856,64.687
16.537304571000277,15.353856,64.562
16.55164644999968,15.353856,64.468
16.565651777000312,15.393023999999999,64.625
16.577901917000418,15.393023999999999,64.406
16.59030546899976,15.432191999999999,64.531
16.602529752999544,15.432191999999999,64.875
16.614914265000152,15.353856,64.437
16.62726479199955,15.353856,64.781
16.63972050600023,15.393023999999999,64.75
16.651962869999807,15.393023999999999,64.531
16.664172785999654,15.393023999999999,64.75
16.67641492599978,15.393023999999999,64.906
16.68879764600024,15.353856,64.625
16.70261506299994,15.314688,64.625
16.716674629999943,15.353856,64.75
16.73049313499996,15.353856,64.593
16.742836878000162,15.353856,64.375
16.755100299000333,15.393023999999999,64.562
16.767336390999844,15.393023999999999,64.843
16.779604323000058,15.393023999999999,64.468
16.791876575999595,15.393023999999999,64.781
16.804097723999803,15.393023999999999,64.468
16.81632709600035,15.393023999999999,64.718
16.828564530999756,15.393023999999999,65.031
16.84092561899979,15.393023999999999,64.906
16.853159438999683,15.353856,64.562
16.866992184000082,15.353856,64.343
16.88107207200028,15.353856,64.593
16.89520492199972,15.393023999999999,64.375
16.907581497999672,15.393023999999999,64.875
16.919815573999585,15.432191999999999,64.468
16.93204084900026,15.432191999999999,64.781
16.944294990000344,15.432191999999999,64.437
16.956523306000236,15.393023999999999,64.593
16.968745700999534,15.432191999999999,64.531
16.981024065999918,15.432191999999999,64.531
16.993295614999624,15.432191999999999,64.937
17.005528474999664,15.393023999999999,64.875
17.01854826900035,15.353856,64.531
17.032273523000185,15.353856,64.375
17.04647255100008,15.393023999999999,64.593
17.059101550000378,15.393023999999999,64.843
17.071426540000175,15.393023999999999,64.531
17.083644008000192,15.393023999999999,64.781
17.09588525199979,15.432191999999999,64.437
17.10808643099972,15.432191999999999,64.593
17.120393659999536,15.432191999999999,64.656
17.132843837999644,15.432191999999999,64.468
17.14510300300026,15.432191999999999,64.5
17.157333463000214,15.432191999999999,64.843
17.169599986999856,15.432191999999999,64.531
17.183249783000065,15.353856,64.562
17.197330312000304,15.393023999999999,64.593
17.211949446999824,15.393023999999999,64.5
17.224854805999712,15.314688,64.781
17.23722123799962,15.314688,64.531
17.249466385999767,15.353856,64.75
17.261646764000034,15.353856,64.375
17.273877896000158,15.353856,64.656
17.286123011999734,15.353856,64.531
17.29835395200007,15.353856,64.875
17.31057772300028,15.393023999999999,64.5
17.32282597500034,15.393023999999999,64.781
17.335049330999937,15.353856,64.5
17.348402478000025,15.314688,64.468
17.362947339999664,15.314688,64.562
17.376877431999674,15.353856,64.562
17.389700675999848,15.353856,64.781
17.401939839999613,15.393023999999999,64.5
17.414158587999736,15.393023999999999,64.687
17.42638063100003,15.393023999999999,64.468
17.438620787000218,15.393023999999999,64.562
17.450950194000143,15.393023999999999,64.937
17.463202349999847,15.393023999999999,64.843
17.47558215800018,15.432191999999999,64.531
17.48784420300035,15.393023999999999,64.781
17.500098278999758,15.393023999999999,64.468
17.513829036999596,15.353856,64.437
17.528109218999816,15.353856,64.562
17.54183799400016,15.393023999999999,64.812
17.554191913000068,15.393023999999999,64.781
17.566429348999918,15.393023999999999,64.406
17.57864934400004,15.432191999999999,64.562
17.59094150100009,15.432191999999999,64.375
17.60317596099958,15.432191999999999,64.562
17.615418325000064,15.432191999999999,64.843
17.62774843599982,15.432191999999999,64.562
17.640212053999676,15.432191999999999,64.75
17.652516723999724,15.432191999999999,64.687
17.664797008999813,15.393023999999999,64.5
17.678840319999836,15.353856,64.937
17.693183352000233,15.393023999999999,64.531
17.707614769999964,15.393023999999999,64.718
17.719915376000245,15.393023999999999,64.625
17.732213389999743,15.432191999999999,64.343
17.744484681999893,15.432191999999999,64.531
17.75673152699983,15.432191999999999,64.937
17.76898089899987,15.432191999999999,64.531
17.78125571199962,15.432191999999999,64.75
17.793546013000196,15.432191999999999,64.406
17.805772505000277,15.432191999999999,64.718
17.818205849999686,15.353856,64.531
17.830518327999926,15.314688,64.437
17.844133466999665,15.27552,64.812
17.85819981900022,15.314688,64.406
17.87235222199979,15.314688,64.625
17.884674875999735,15.353856,64.312
17.89692453600037,15.353856,64.312
17.909172179999587,15.353856,64.531
17.92138862399952,15.393023999999999,64.781
17.93355927399989,15.353856,64.468
17.94584122299966,15.393023999999999,64.687
17.958083522999914,15.393023999999999,64.406
17.970298717999867,15.393023999999999,64.718
17.982505752999714,15.393023999999999,64.375
17.99477704600031,15.314688,64.937
18.009175342999697,15.314688,64.406
18.02329980899958,15.353856,64.406
18.037324527999772,15.353856,64.625
18.0496102850002,15.353856,64.312
18.06187632900037,15.393023999999999,64.5
18.074098084999605,15.393023999999999,64.843
18.08630739199998,15.393023999999999,64.781
18.098522170999786,15.393023999999999,64.468
18.11077071099953,15.393023999999999,64.687
18.123016434999954,15.432191999999999,64.375
18.135227566999674,15.432191999999999,64.656
18.147448202000305,15.393023999999999,64.875
18.16027269499955,15.353856,64.843
18.17424985999969,15.353856,64.406
18.188729599,15.393023999999999,64.343
18.20164337499955,15.393023999999999,64.531
18.21388026600016,15.393023999999999,64.343
18.226148871000078,15.432191999999999,64.468
18.23834416199952,15.432191999999999,64.812
18.250550941000256,15.432191999999999,64.468
18.262821913999687,15.432191999999999,64.718
18.27504533299998,15.432191999999999,64.375
18.287262607999764,15.432191999999999,64.312
18.299485644000015,15.432191999999999,64.562
18.3116981510002,15.432191999999999,64.812
18.32520448699961,15.353856,64.781
18.33948649299964,15.393023999999999,64.375
18.35337712799992,15.393023999999999,64.593
18.365987342000153,15.432191999999999,64.468
18.378251531000387,15.432191999999999,64.843
18.390547592000075,15.47136,64.406
18.40280653300033,15.432191999999999,64.75
18.41504649699982,15.393023999999999,64.406
18.427662727000097,15.353856,64.562
18.44008804100031,15.353856,64.375
18.45233904500037,15.393023999999999,64.531
18.464546623999922,15.393023999999999,64.531
18.476814685000136,15.353856,64.75
18.489805709999928,15.314688,64.468
18.50430602599954,15.314688,64.406
18.518439899999976,15.353856,64.5
18.531714165000267,15.353856,64.5
18.544021843000337,15.353856,64.718
18.5563129760003,15.393023999999999,64.375
18.568563277000067,15.393023999999999,64.656
18.580822664999687,15.393023999999999,64.375
18.59312496700022,15.393023999999999,64.562
18.605381411000053,15.393023999999999,64.312
18.617639807999694,15.393023999999999,64.5
18.629865050999797,15.393023999999999,64.812
18.64227516400024,15.393023999999999,64.687
18.656239625000126,15.353856,64.687
18.670244726999954,15.353856,64.343
18.68495839299976,15.393023999999999,64.437
18.697364474000096,15.393023999999999,64.437
18.709608533999926,15.393023999999999,64.687
18.721859154000413,15.432191999999999,64.375
18.734196112999598,15.432191999999999,64.562
18.746422444000018,15.432191999999999,64.312
18.758637640000416,15.432191999999999,64.531
18.770893635999528,15.432191999999999,64.875
18.78325776299971,15.432191999999999,64.531
18.79554873699999,15.432191999999999,64.343
18.80779078100022,15.393023999999999,64.625
18.822110260000045,15.353856,64.531
18.836261190000187,15.393023999999999,64.281
18.850480441999935,15.393023999999999,64.718
18.862786263999624,15.393023999999999,64.468
18.87501969999994,15.432191999999999,64.593
18.88724372700017,15.432191999999999,64.375
18.899484587000188,15.432191999999999,64.5
18.91168627800016,15.432191999999999,64.375
18.92399529999966,15.432191999999999,64.5
18.936293409999962,15.432191999999999,64.781
18.948573534999923,15.432191999999999,64.468
18.960827994999818,15.393023999999999,64.656
18.973272188999545,15.353856,64.625
18.987188647999574,15.353856,64.437
19.000938670999858,15.393023999999999,64.875
19.013828989999638,15.393023999999999,64.406
19.026599081000313,15.314688,64.593
19.038871044999723,15.353856,64.406
19.0511058889997,15.353856,64.5
19.063372573999914,15.353856,64.5
19.07566105099977,15.393023999999999,64.781
19.087882070999513,15.393023999999999,64.468
19.100112977999743,15.393023999999999,64.718
19.112427535999814,15.393023999999999,64.5
19.124674892000257,15.393023999999999,64.593
19.13691949599979,15.353856,64.5
19.15089326999987,15.353856,64.25
19.16515476299992,15.353856,64.718
19.179271291999612,15.353856,64.312
19.191653820000283,15.393023999999999,64.718
19.20387999200011,15.432191999999999,64.343
19.216116691000025,15.432191999999999,64.593
19.228388784000344,15.432191999999999,64.312
19.240699662000225,15.432191999999999,64.781
19.252986923000208,15.432191999999999,64.375
19.265219431000332,15.432191999999999,64.75
19.277468354999655,15.432191999999999,64.375
19.289737248000165,15.393023999999999,64.593
19.302647534999778,15.353856,64.468
19.31719489199986,15.353856,64.75
19.33119541799988,15.393023999999999,64.687
19.34423425299974,15.393023999999999,64.312
19.356515786000273,15.393023999999999,64.625
19.368768549999913,15.432191999999999,64.281
19.381029922999915,15.432191999999999,64.468
19.393465891999767,15.432191999999999,64.781
19.405647550999674,15.432191999999999,64.343
19.417858810000325,15.432191999999999,64.656
19.430097845999626,15.432191999999999,64.656
19.442329649000385,15.432191999999999,64.343
19.454566413000066,15.393023999999999,64.562
19.468467480000072,15.353856,64.531
19.482091451000088,15.353856,64.656
19.49581900999965,15.353856,64.25
19.508230913999796,15.393023999999999,64.531
19.52046290999988,15.393023999999999,64.343
19.532740667000326,15.393023999999999,64.25
19.54503999299959,15.393023999999999,64.375
19.55725144400003,15.393023999999999,64.687
19.569450766000045,15.432191999999999,64.406
19.581711370999983,15.432191999999999,64.562
19.593934790000276,15.432191999999999,64.312
19.60616045000006,15.432191999999999,64.531
19.61835298799997,15.353856,64.25
19.631204809999872,15.27552,64.75
19.645077043999663,15.27552,64.593
19.65919366900016,15.314688,64.281
19.67204997099998,15.314688,64.531
19.684573847000138,15.353856,64.25
19.696888372999638,15.353856,64.312
19.709188050000193,15.393023999999999,64.687
19.721422925999832,15.393023999999999,64.437
19.733641832999638,15.393023999999999,64.312
19.745894501000294,15.393023999999999,64.593
19.75815024199983,15.393023999999999,64.312
19.770476640000197,15.393023999999999,64.5
19.78272028399988,15.353856,64.781
19.796755819000282,15.314688,64.687
19.810753976999877,15.353856,64.593
19.824944044000404,15.353856,64.218
19.837527185999534,15.393023999999999,64.343
19.849782510000296,15.393023999999999,64.218
19.8619980579997,15.393023999999999,64.343
19.874256037999658,15.393023999999999,64.687
19.886467872999674,15.393023999999999,64.312
19.89872095699957,15.393023999999999,64.656
19.911011387000144,15.393023999999999,64.468
19.923248246000185,15.432191999999999,64.312
19.93545230499967,15.393023999999999,64.468
19.947663787999772,15.393023999999999,64.718
19.96145835599964,15.353856,64.656
19.975025718000325,15.353856,64.312
19.989024260000406,15.393023999999999,64.531
20.001375490999635,15.393023999999999,64.25
20.013587581999673,15.432191999999999,64.75
20.025840409999546,15.432191999999999,64.312
20.03807246999986,15.432191999999999,64.625
20.05029121699954,15.432191999999999,64.312
20.062529228999665,15.432191999999999,64.531
20.074801130000196,15.432191999999999,64.281
20.087038534000385,15.432191999999999,64.5
20.09941498199987,15.432191999999999,64.75
20.111688897999557,15.353856,64.718
20.12561591800022,15.353856,64.343
20.139912548999746,15.393023999999999,64.25
20.15435727899967,15.393023999999999,64.312
20.166631580000285,15.432191999999999,64.812
20.178924249000374,15.432191999999999,64.75
20.191225495000253,15.432191999999999,64.312
20.203463251000358,15.47136,64.562
20.215678509999634,15.432191999999999,64.218
20.22833211699981,15.353856,64.375
20.240776566999557,15.393023999999999,64.218
20.253049556000406,15.393023999999999,64.468
20.265315409000323,15.393023999999999,64.625
20.27757930899952,15.314688,64.625
20.292260494000402,15.314688,64.468
20.306509731000006,15.314688,64.25
20.321007774999998,15.353856,64.718
20.333345021999776,15.353856,64.312
20.345597530000305,15.393023999999999,64.562
20.3578562470002,15.393023999999999,64.343
20.37007550599992,15.393023999999999,64.5
20.382346254999902,15.393023999999999,64.218
20.394629579999673,15.393023999999999,64.375
20.406913417000396,15.393023999999999,64.718
20.41918995800006,15.393023999999999,64.75
20.431451297999956,15.393023999999999,64.343
20.444160363000265,15.353856,64.562
20.45808031100023,15.353856,64.343
20.472238792999633,15.353856,64.187
20.485266235999916,15.393023999999999,64.375
20.497553817000153,15.393023999999999,64.625
20.509862646999864,15.432191999999999,64.5
20.52223970199975,15.432191999999999,64.218
20.534458514000107,15.432191999999999,64.437
20.546681324999554,15.393023999999999,64.25
20.558969673999854,15.432191999999999,64.406
20.571203462000085,15.432191999999999,64.625
20.58344262599985,15.432191999999999,64.375
20.595697406,15.393023999999999,64.593
20.609180508999998,15.353856,64.468
20.623319151000032,15.353856,64.312
20.63750278600037,15.393023999999999,64.718
20.65016330599974,15.393023999999999,64.312
20.66239709399997,15.393023999999999,64.5
20.674613056999988,15.432191999999999,64.218
20.686905214000035,15.432191999999999,64.437
20.699189210999975,15.432191999999999,64.406
20.71168371099975,15.432191999999999,64.75
20.724291685000026,15.432191999999999,64.343
20.73663936399953,15.432191999999999,64.656
20.748933152999598,15.432191999999999,64.312
20.761178077000295,15.393023999999999,64.312
20.77513536999959,15.393023999999999,64.375
20.789203194000038,15.393023999999999,64.343
20.80356961799953,15.393023999999999,64.687
20.815882736000276,15.432191999999999,64.281
20.828294128999914,15.353856,64.468
20.8408596700001,15.353856,64.343
20.853172531999917,15.353856,64.156
20.865447313000004,15.353856,64.312
20.87764506700023,15.353856,64.656
20.890058252000017,15.393023999999999,64.312
20.902292648000184,15.393023999999999,64.625
20.914531075999548,15.393023999999999,64.25
20.926770846999716,15.353856,64.25
20.94059568800003,15.314688,64.375
20.954498770999635,15.353856,64.375
20.96876810499998,15.353856,64.562
20.98116311299964,15.353856,64.281
20.99360218699985,15.393023999999999,64.375
21.005853894999746,15.393023999999999,64.187
21.018109890999767,15.393023999999999,64.406
21.030341151000357,15.393023999999999,64.343
21.04265049300011,15.393023999999999,64.531
21.054942202000348,15.432191999999999,64.312
21.06721707900033,15.393023999999999,64.531
21.079440081999564,15.393023999999999,64.218
21.0917567839997,15.353856,64.843
21.105932002999907,15.353856,64.375
21.120262553999964,15.353856,64.25
21.13467918799961,15.393023999999999,64.343
21.147042675000193,15.393023999999999,64.218
21.159336945000177,15.393023999999999,64.312
21.171641550999993,15.432191999999999,64.156
21.183884201999717,15.432191999999999,64.718
21.196127782000076,15.432191999999999,64.312
21.20832860900009,15.432191999999999,64.593
21.220569725000132,15.432191999999999,64.312
21.23281855299956,15.432191999999999,64.5
21.245148023000183,15.393023999999999,64.25
21.257887968999967,15.353856,64.718
21.271676233000107,15.353856,64.312
21.28578706600001,15.393023999999999,64.5
21.298671816000024,15.393023999999999,64.437
21.31099626299965,15.393023999999999,64.281
21.323307716999807,15.432191999999999,64.281
21.33562621100009,15.47136,64.781
21.34805869199954,15.47136,64.281
21.36033968100037,15.432191999999999,64.562
21.372569084000133,15.47136,64.25
21.3848449850002,15.47136,64.406
21.397135127000183,15.47136,64.437
21.409406898999805,15.432191999999999,64.781
21.42277220699998,15.353856,64.593
21.436722524000288,15.314688,64.156
21.45041596899955,15.314688,64.343
21.463743930999954,15.314688,64.312
21.476042712999515,15.353856,64.218
21.488337910000155,15.353856,64.281
21.500573330000407,15.353856,64.593
21.512856334999924,15.393023999999999,64.25
21.525134380000054,15.353856,64.375
21.537386279999737,15.353856,64.187
21.54959437100024,15.393023999999999,64.5
21.56184899100026,15.393023999999999,64.843
21.574614633999772,15.353856,64.625
21.587873155000125,15.314688,64.375
21.601860751999993,15.314688,64.25
21.615823709000324,15.353856,64.312
21.628799406000326,15.353856,64.187
21.641149965000295,15.393023999999999,64.75
21.653395688999808,15.393023999999999,64.218
21.665601187999528,15.393023999999999,64.531
21.677868576000037,15.393023999999999,64.218
21.690373251999517,15.393023999999999,64.406
21.702596254999662,15.432191999999999,64.25
21.71489887699954,15.432191999999999,64.343
21.72713064799973,15.393023999999999,64.687
21.739708062000318,15.393023999999999,64.687
21.75351760600006,15.393023999999999,64.281
21.767719610000313,15.393023999999999,64.187
21.781608835999577,15.432191999999999,64.437
21.793990627999847,15.432191999999999,64.656
21.80628416200034,15.47136,64.312
21.81851394899968,15.47136,64.5
21.830789626000296,15.47136,64.468
21.843050327000128,15.432191999999999,64.281
21.855308723000235,15.47136,64.375
21.867608655999902,15.47136,64.281
21.87985543600007,15.47136,64.437
21.892111113000283,15.47136,64.656
21.904510088999814,15.432191999999999,64.593
21.918520311000066,15.393023999999999,64.406
21.93331001200022,15.432191999999999,64.093
21.947540111999842,15.432191999999999,64.312
21.95986948599966,15.432191999999999,64.593
21.97210871399966,15.47136,64.531
21.98442141600026,15.47136,64.281
21.996712101000412,15.47136,64.437
22.008981250000033,15.47136,64.156
22.021241405999717,15.47136,64.25
22.0334789059998,15.432191999999999,64.625
22.0460379189999,15.393023999999999,64.343
22.058251321999705,15.393023999999999,64.593
22.07052034299977,15.353856,64.531
22.08499780999955,15.314688,64.343
22.09896691100039,15.353856,64.218
22.11302679900018,15.353856,64.218
22.125375917000383,15.353856,64.562
22.137698124000053,15.393023999999999,64.468
22.14994352800022,15.393023999999999,64.093
22.162197444000412,15.393023999999999,64.406
22.174409631000344,15.353856,64.187
22.186633241999516,15.393023999999999,64.312
22.198895894999623,15.393023999999999,64.625
22.211154194999835,15.393023999999999,64.312
22.223442927999713,15.353856,64.468
22.235739116999866,15.314688,64.437
22.25012176600012,15.314688,64.312
22.264523230999657,15.314688,64.625
22.27787180300038,15.353856,64.218
22.29028793099951,15.353856,64.406
22.302539575999617,15.393023999999999,64.093
22.314811700000064,15.393023999999999,64.312
22.32709195299958,15.393023999999999,64.312
22.33943700799955,15.393023999999999,64.687
22.351671628000076,15.393023999999999,64.343
22.363907783000286,15.393023999999999,64.625
22.376162436000413,15.393023999999999,64.312
22.388452672999847,15.353856,64.375
22.40197417699983,15.314688,64.406
22.41594100600014,15.314688,64.656
22.429904122999687,15.353856,64.593
22.442723142999967,15.393023999999999,64.25
22.455004772000393,15.393023999999999,64.406
22.46725427199999,15.393023999999999,64.125
22.479499035999652,15.393023999999999,64.312
22.491817465999702,15.393023999999999,64.093
22.504071958000168,15.393023999999999,64.25
22.51631470600023,15.432191999999999,64.25
22.528540909000185,15.432191999999999,64.531
22.540872524000406,15.393023999999999,64.218
22.55313658399973,15.393023999999999,64.468
22.566880270999718,15.353856,64.312
22.58094140600042,15.353856,64.593
22.5948340570003,15.393023999999999,64.468
22.607187304000036,15.393023999999999,64.125
22.61947462900025,15.393023999999999,64.406
22.631678175999696,15.353856,64.125
22.643917659999715,15.353856,64.25
22.65614840699982,15.353856,64.593
22.668427540000266,15.353856,64.25
22.68070248099957,15.353856,64.5
22.692984557999807,15.353856,64.218
22.70523578600023,15.353856,64.406
22.717483366000124,15.353856,64.406
22.730904228000327,15.27552,64.625
22.745045108999875,15.314688,64.562
22.759220775999893,15.314688,64.125
22.772422238999752,15.353856,64.125
22.784708315999524,15.353856,64.375
22.796995194000374,15.393023999999999,64.093
22.809299542999725,15.393023999999999,64.187
22.821522834999996,15.353856,64.593
22.83378119899953,15.393023999999999,64.25
22.846041099000104,15.393023999999999,64.437
22.858263750999868,15.393023999999999,64.218
22.870473601999947,15.393023999999999,64.312
22.882669755999814,15.353856,64.437
22.89671130700026,15.314688,64.531
22.91068706399983,15.353856,64.437
22.924936557000365,15.353856,64.187
22.937279275999572,15.393023999999999,64.312
22.94951059899995,15.393023999999999,64.281
22.961758659000225,15.393023999999999,64.5
22.973989438999524,15.393023999999999,64.187
22.986250906999885,15.393023999999999,64.437
22.998493398999926,15.393023999999999,64.156
23.010811764999744,15.432191999999999,64.468
23.023063472999638,15.393023999999999,64.125
23.035362671000257,15.393023999999999,64.312
23.04770241299957,15.353856,64.281
23.062096935000227,15.353856,64.468
23.075910479000413,15.353856,64.312
23.08984076300021,15.353856,64.062
23.102298109000003,15.353856,64.218
23.1145173040004,15.393023999999999,64.593
23.126753395999913,15.393023999999999,64.187
23.139002543999595,15.393023999999999,64.156
23.151257579999765,15.353856,64.343
23.163529608999852,15.393023999999999,64.031
23.175809669000046,15.393023999999999,64.406
23.188062369999898,15.393023999999999,64.031
23.200332413999604,15.353856,64.281
23.2125536249996,15.314688,64.312
23.226798157999838,15.27552,64.437
23.2407653070004,15.27552,64.281
23.254600676000337,15.27552,64.031
23.266985252000268,15.314688,64.125
23.279236287999993,15.314688,64.593
23.291621344000305,15.353856,64.125
23.303877788000136,15.353856,64.406
23.316304316999776,15.353856,64.375
23.3285708100002,15.353856,64.187
23.340923032999854,15.353856,64.25
23.353156307999598,15.353856,64.656
23.36540135999985,15.353856,64.218
23.37771172599969,15.353856,64.531
23.39183075100027,15.314688,64.5
23.407103153000207,15.353856,64.281
23.421291812000163,15.353856,64.062
23.433703749000415,15.353856,64.218
23.446001250000336,15.393023999999999,64.375
23.458308831999602,15.393023999999999,64.312
23.47057993300041,15.393023999999999,64.156
23.482919322999805,15.393023999999999,64.343
23.495219512999938,15.393023999999999,64.093
23.507618616999935,15.432191999999999,64.312
23.51986008499989,15.432191999999999,64.531
23.532183667000027,15.393023999999999,64.156
23.545198021000033,15.353856,64.187
23.559017708999818,15.353856,64.312
23.572791732999576,15.353856,64.25
23.585536671000227,15.393023999999999,64.5
23.59782303599968,15.393023999999999,64.218
23.61004907900042,15.432191999999999,64.437
23.622273138999844,15.432191999999999,64.125
23.634611280999707,15.432191999999999,64.312
23.646911566999734,15.432191999999999,64.062
23.65917911500037,15.432191999999999,64.625
23.671536873999685,15.432191999999999,64.187
23.683824775000176,15.432191999999999,64.5
23.696075394999752,15.393023999999999,64.093
23.70938851000028,15.353856,64.093
23.723493038000015,15.353856,64.218
23.737394361000042,15.393023999999999,64.562
23.75016243600021,15.393023999999999,64.468
23.76243337699998,15.432191999999999,64.187
23.774678044999746,15.432191999999999,64.312
23.78705065200029,15.432191999999999,64.093
23.799457660999906,15.432191999999999,64.281
23.8116865840002,15.432191999999999,64.625
23.823914483999943,15.432191999999999,64.125
23.836366069000178,15.353856,64.437
23.84853054300038,15.353856,64.406
23.86082436400011,15.314688,64.062
23.87349310799982,15.27552,64.312
23.887852492000093,15.27552,64.218
23.901790232000167,15.314688,64.343
23.9147320080001,15.314688,64.187
23.92703344599977,15.353856,64.406
23.939513160000388,15.353856,64.281
23.95180541300033,15.353856,64.093
23.964058720999674,15.353856,64.218
23.976324637999824,15.353856,64.531
23.988561402000414,15.393023999999999,64.156
24.00106242899983,15.393023999999999,64.437
24.013351833999877,15.393023999999999,64.156
24.025594550000278,15.353856,64.156
24.039037620000272,15.314688,64.312
24.053259207999872,15.314688,64.187
24.067426137999973,15.353856,64.375
24.079852474999825,15.353856,64.062
24.092136760000358,15.353856,64.312
24.104442005999772,15.393023999999999,64.218
24.116697810000005,15.393023999999999,64.031
24.129001295999842,15.353856,64.187
24.14139284799967,15.393023999999999,64.406
24.153645035999944,15.393023999999999,64.187
24.165874375000385,15.393023999999999,64.312
24.17814426000041,15.393023999999999,64.062
24.190504578999935,15.353856,64.187
24.20460328399986,15.314688,64.187
24.218404092000128,15.353856,64.156
24.23276322000038,15.353856,64.406
24.245185333000336,15.393023999999999,64.031
24.257503699000154,15.393023999999999,64.281
24.269750862000365,15.393023999999999,63.968
24.28199530599977,15.393023999999999,64.531
24.294253574999857,15.393023999999999,64.093
24.30648019399996,15.432191999999999,64.437
24.3187247019996,15.432191999999999,64.093
24.33112460600023,15.432191999999999,64.343
24.343449148000218,15.393023999999999,64.031
24.35569848799969,15.353856,64.656
24.36970752599973,15.353856,64.156
24.38268392699956,15.393023999999999,64.437
24.396299609999915,15.393023999999999,64.281
24.40860747900024,15.393023999999999,64.062
24.42089083599967,15.432191999999999,64.187
24.432820486999844,15.393023999999999,64.406
24.445072386999527,15.353856,64.093
24.457330752000416,15.353856,64.406
24.469327859999794,15.353856,64.093
24.481659858999592,15.353856,64.343
24.493743498000185,15.353856,64.156
24.505786400000034,15.353856,64.25
24.517831637999734,15.353856,64.5
